:,ArrayUtilsAddTest::testAddObjectArrayBoolean,ArrayUtilsAddTest::testAddObjectArrayByte,ArrayUtilsAddTest::testAddObjectArrayChar,ArrayUtilsAddTest::testAddObjectArrayDouble,ArrayUtilsAddTest::testAddObjectArrayFloat,ArrayUtilsAddTest::testAddObjectArrayInt,ArrayUtilsAddTest::testAddObjectArrayLong,ArrayUtilsAddTest::testAddObjectArrayObject,ArrayUtilsAddTest::testAddObjectArrayShort,ArrayUtilsAddTest::testAddObjectArrayToObjectArray,ArrayUtilsAddTest::testAddObjectAtIndex,ArrayUtilsAddTest::testJira567,ArrayUtilsAddTest::testLANG571,ArrayUtilsRemoveTest::testRemoveBooleanArray,ArrayUtilsRemoveTest::testRemoveByteArray,ArrayUtilsRemoveTest::testRemoveCharArray,ArrayUtilsRemoveTest::testRemoveDoubleArray,ArrayUtilsRemoveTest::testRemoveElementBooleanArray,ArrayUtilsRemoveTest::testRemoveElementByteArray,ArrayUtilsRemoveTest::testRemoveElementCharArray,ArrayUtilsRemoveTest::testRemoveElementDoubleArray,ArrayUtilsRemoveTest::testRemoveElementFloatArray,ArrayUtilsRemoveTest::testRemoveElementIntArray,ArrayUtilsRemoveTest::testRemoveElementLongArray,ArrayUtilsRemoveTest::testRemoveElementObjectArray,ArrayUtilsRemoveTest::testRemoveElementShortArray,ArrayUtilsRemoveTest::testRemoveFloatArray,ArrayUtilsRemoveTest::testRemoveIntArray,ArrayUtilsRemoveTest::testRemoveLongArray,ArrayUtilsRemoveTest::testRemoveNumberArray,ArrayUtilsRemoveTest::testRemoveObjectArray,ArrayUtilsRemoveTest::testRemoveShortArray,ArrayUtilsTest::testArrayCreation,ArrayUtilsTest::testArrayCreationWithDifferentTypes,ArrayUtilsTest::testArrayCreationWithGeneralReturnType,ArrayUtilsTest::testClone,ArrayUtilsTest::testCloneBoolean,ArrayUtilsTest::testCloneByte,ArrayUtilsTest::testCloneChar,ArrayUtilsTest::testCloneDouble,ArrayUtilsTest::testCloneFloat,ArrayUtilsTest::testCloneInt,ArrayUtilsTest::testCloneLong,ArrayUtilsTest::testCloneShort,ArrayUtilsTest::testConstructor,ArrayUtilsTest::testContains,ArrayUtilsTest::testContainsBoolean,ArrayUtilsTest::testContainsByte,ArrayUtilsTest::testContainsChar,ArrayUtilsTest::testContainsDouble,ArrayUtilsTest::testContainsDoubleTolerance,ArrayUtilsTest::testContainsFloat,ArrayUtilsTest::testContainsInt,ArrayUtilsTest::testContainsLong,ArrayUtilsTest::testContainsShort,ArrayUtilsTest::testEmptyArrayCreation,ArrayUtilsTest::testGetLength,ArrayUtilsTest::testIndexOf,ArrayUtilsTest::testIndexOfBoolean,ArrayUtilsTest::testIndexOfBooleanWithStartIndex,ArrayUtilsTest::testIndexOfByte,ArrayUtilsTest::testIndexOfByteWithStartIndex,ArrayUtilsTest::testIndexOfChar,ArrayUtilsTest::testIndexOfCharWithStartIndex,ArrayUtilsTest::testIndexOfDouble,ArrayUtilsTest::testIndexOfDoubleTolerance,ArrayUtilsTest::testIndexOfDoubleWithStartIndex,ArrayUtilsTest::testIndexOfDoubleWithStartIndexTolerance,ArrayUtilsTest::testIndexOfFloat,ArrayUtilsTest::testIndexOfFloatWithStartIndex,ArrayUtilsTest::testIndexOfInt,ArrayUtilsTest::testIndexOfIntWithStartIndex,ArrayUtilsTest::testIndexOfLong,ArrayUtilsTest::testIndexOfLongWithStartIndex,ArrayUtilsTest::testIndexOfShort,ArrayUtilsTest::testIndexOfShortWithStartIndex,ArrayUtilsTest::testIndexOfWithStartIndex,ArrayUtilsTest::testIndirectArrayCreation,ArrayUtilsTest::testIndirectEmptyArrayCreation,ArrayUtilsTest::testIsEmptyObject,ArrayUtilsTest::testIsEmptyPrimitives,ArrayUtilsTest::testIsEquals,ArrayUtilsTest::testLastIndexOf,ArrayUtilsTest::testLastIndexOfBoolean,ArrayUtilsTest::testLastIndexOfBooleanWithStartIndex,ArrayUtilsTest::testLastIndexOfByte,ArrayUtilsTest::testLastIndexOfByteWithStartIndex,ArrayUtilsTest::testLastIndexOfChar,ArrayUtilsTest::testLastIndexOfCharWithStartIndex,ArrayUtilsTest::testLastIndexOfDouble,ArrayUtilsTest::testLastIndexOfDoubleTolerance,ArrayUtilsTest::testLastIndexOfDoubleWithStartIndex,ArrayUtilsTest::testLastIndexOfDoubleWithStartIndexTolerance,ArrayUtilsTest::testLastIndexOfFloat,ArrayUtilsTest::testLastIndexOfFloatWithStartIndex,ArrayUtilsTest::testLastIndexOfInt,ArrayUtilsTest::testLastIndexOfIntWithStartIndex,ArrayUtilsTest::testLastIndexOfLong,ArrayUtilsTest::testLastIndexOfLongWithStartIndex,ArrayUtilsTest::testLastIndexOfShort,ArrayUtilsTest::testLastIndexOfShortWithStartIndex,ArrayUtilsTest::testLastIndexOfWithStartIndex,ArrayUtilsTest::testReverse,ArrayUtilsTest::testReverseBoolean,ArrayUtilsTest::testReverseByte,ArrayUtilsTest::testReverseChar,ArrayUtilsTest::testReverseDouble,ArrayUtilsTest::testReverseFloat,ArrayUtilsTest::testReverseInt,ArrayUtilsTest::testReverseLong,ArrayUtilsTest::testReverseShort,ArrayUtilsTest::testSameLength,ArrayUtilsTest::testSameLengthBoolean,ArrayUtilsTest::testSameLengthByte,ArrayUtilsTest::testSameLengthChar,ArrayUtilsTest::testSameLengthDouble,ArrayUtilsTest::testSameLengthFloat,ArrayUtilsTest::testSameLengthInt,ArrayUtilsTest::testSameLengthLong,ArrayUtilsTest::testSameLengthShort,ArrayUtilsTest::testSameType,ArrayUtilsTest::testSubarrChar,ArrayUtilsTest::testSubarrayBoolean,ArrayUtilsTest::testSubarrayByte,ArrayUtilsTest::testSubarrayDouble,ArrayUtilsTest::testSubarrayFloat,ArrayUtilsTest::testSubarrayInt,ArrayUtilsTest::testSubarrayLong,ArrayUtilsTest::testSubarrayObject,ArrayUtilsTest::testSubarrayShort,ArrayUtilsTest::testToMap,ArrayUtilsTest::testToObject_boolean,ArrayUtilsTest::testToObject_byte,ArrayUtilsTest::testToObject_char,ArrayUtilsTest::testToObject_double,ArrayUtilsTest::testToObject_float,ArrayUtilsTest::testToObject_int,ArrayUtilsTest::testToObject_long,ArrayUtilsTest::testToObject_short,ArrayUtilsTest::testToPrimitive_boolean,ArrayUtilsTest::testToPrimitive_boolean_boolean,ArrayUtilsTest::testToPrimitive_byte,ArrayUtilsTest::testToPrimitive_byte_byte,ArrayUtilsTest::testToPrimitive_char,ArrayUtilsTest::testToPrimitive_char_char,ArrayUtilsTest::testToPrimitive_double,ArrayUtilsTest::testToPrimitive_double_double,ArrayUtilsTest::testToPrimitive_float,ArrayUtilsTest::testToPrimitive_float_float,ArrayUtilsTest::testToPrimitive_int,ArrayUtilsTest::testToPrimitive_intNull,ArrayUtilsTest::testToPrimitive_int_int,ArrayUtilsTest::testToPrimitive_long,ArrayUtilsTest::testToPrimitive_long_long,ArrayUtilsTest::testToPrimitive_short,ArrayUtilsTest::testToPrimitive_short_short,ArrayUtilsTest::testToString,
ArrayUtilsAddTest::testAddObjectArrayBoolean ,0,28,37,39,41,37,39,53,37,728,53,38,50,54,59,89,68,25,31,52,40,41,38,40,35,38,73,67,68,41,47,67,46,46,48,36,38,41,44,43,43,43,43,42,47,40,26,29,43,39,41,39,33,39,33,51,73,43,23,31,33,38,46,54,40,39,43,46,40,46,37,42,40,44,37,42,50,46,51,45,77,509,43,23,32,33,37,46,51,39,40,44,45,40,45,37,41,41,44,37,41,49,41,34,39,43,42,42,41,42,41,35,24,31,35,33,33,33,33,34,41,116,80,108,83,83,116,83,62,116,56,28,37,37,36,36,36,36,40,31,45,38,51,34,47,35,39,35,39,35,51,38,35,39,40,61,35,
ArrayUtilsAddTest::testAddObjectArrayByte ,28,0,18,35,35,18,35,73,18,717,73,59,70,56,48,86,66,39,34,58,50,51,47,50,52,47,69,65,66,60,55,65,65,65,68,55,59,59,64,64,63,62,64,62,67,60,47,45,59,57,56,56,51,57,51,71,76,58,44,44,46,48,58,63,54,56,57,56,55,57,52,53,56,56,52,53,60,65,71,65,77,496,59,45,44,45,50,58,65,56,57,57,56,56,57,51,55,57,57,51,55,59,53,56,55,61,61,61,57,62,57,56,48,48,56,54,54,54,54,55,62,107,75,94,79,79,107,79,65,107,60,49,52,52,53,53,53,53,55,48,49,54,51,51,48,51,46,51,46,51,71,45,51,46,54,61,54,
ArrayUtilsAddTest::testAddObjectArrayChar ,37,18,0,35,35,18,35,73,18,716,73,59,70,67,65,71,66,48,46,49,50,51,46,50,50,46,69,65,66,59,52,65,65,65,68,55,61,61,61,63,63,63,63,61,67,60,52,52,56,58,57,57,52,58,52,71,78,58,49,47,52,53,56,59,54,56,55,54,55,56,52,53,57,56,52,53,59,65,71,65,79,499,60,49,47,51,55,55,59,56,57,56,54,56,56,51,55,58,57,51,55,59,52,58,59,58,61,61,57,62,57,55,51,54,51,54,54,54,54,55,62,94,84,107,78,78,107,78,64,107,55,52,57,47,53,53,53,53,55,50,55,55,57,47,41,50,46,50,46,50,71,45,50,46,53,61,52,
ArrayUtilsAddTest::testAddObjectArrayDouble ,39,35,35,0,30,35,27,65,35,728,65,53,62,73,73,89,49,45,45,53,29,45,45,44,46,45,73,73,68,55,52,73,57,58,60,48,55,55,56,53,55,56,56,55,59,53,48,50,54,44,44,52,50,52,50,63,83,53,46,48,50,53,55,58,42,42,44,44,49,53,50,53,50,53,50,53,54,57,63,57,85,514,53,47,47,50,54,55,57,41,42,45,42,50,54,50,54,51,53,50,54,54,46,52,53,57,49,54,52,54,52,52,50,50,52,44,50,49,50,51,56,110,92,108,63,80,108,80,63,108,61,47,52,46,41,46,46,46,50,45,60,50,55,45,48,40,35,44,42,44,63,41,44,42,50,61,49,
ArrayUtilsAddTest::testAddObjectArrayFloat ,41,35,35,30,0,35,30,68,35,730,68,56,65,73,73,89,70,46,46,54,46,31,46,46,48,46,51,73,68,56,54,73,60,61,63,51,58,58,59,59,56,59,59,58,62,56,50,53,57,54,53,45,53,54,53,66,84,55,48,49,53,53,58,59,51,51,53,52,43,47,53,53,52,55,53,53,56,60,66,60,84,512,56,49,48,53,54,58,60,51,52,56,54,43,47,53,54,53,56,53,54,56,48,55,55,58,56,52,55,56,55,55,53,53,55,53,47,52,52,54,59,110,91,107,82,65,107,82,66,107,62,48,54,48,48,44,49,48,51,46,59,51,54,46,49,45,43,41,36,45,66,42,45,43,51,61,52,
ArrayUtilsAddTest::testAddObjectArrayInt ,37,18,18,35,35,0,35,73,18,718,73,59,70,67,65,86,66,48,47,58,50,51,34,50,52,47,69,48,66,60,55,65,65,65,68,55,61,62,64,64,63,61,63,62,67,60,52,52,60,58,57,57,46,56,52,71,77,58,49,49,52,53,59,63,54,56,57,56,55,57,46,48,56,57,52,53,60,65,71,65,78,501,60,50,49,51,55,59,65,56,57,57,56,56,57,45,50,57,58,51,55,60,53,59,59,61,61,61,53,61,57,56,51,54,56,54,54,49,54,55,62,107,85,107,79,79,94,79,65,107,60,52,57,52,53,53,48,53,55,51,55,56,57,51,48,51,46,51,46,47,71,38,51,46,54,61,54,
ArrayUtilsAddTest::testAddObjectArrayLong ,39,35,35,27,30,35,0,65,35,725,65,53,62,73,73,89,68,45,45,53,44,45,45,29,46,45,73,72,49,55,52,71,57,58,60,48,55,55,56,56,55,55,52,55,59,53,48,51,54,52,51,51,51,44,51,63,86,53,46,48,51,53,55,58,49,49,52,52,46,52,51,53,43,45,51,53,54,57,63,57,85,514,53,47,47,51,54,55,57,49,50,54,52,47,53,51,54,43,47,51,54,54,46,52,53,57,53,53,52,48,52,52,50,50,52,50,50,48,44,50,56,110,92,108,80,80,108,63,66,108,61,47,52,46,46,46,45,41,49,45,60,50,55,45,48,44,42,44,42,44,63,41,40,35,50,61,49,
ArrayUtilsAddTest::testAddObjectArrayObject ,53,73,73,65,68,73,65,0,73,779,0,20,3,102,102,118,96,57,57,71,53,57,57,53,33,57,102,102,96,23,68,102,13,17,7,34,15,16,17,13,13,16,15,15,8,33,37,37,47,31,29,33,37,31,37,3,110,35,40,54,37,50,47,62,38,36,47,54,38,51,37,50,31,43,37,50,54,13,3,10,112,558,33,40,54,37,49,47,61,36,36,48,59,38,50,37,49,31,43,37,49,52,44,26,26,32,23,23,26,22,26,29,38,39,41,35,35,39,37,40,28,144,126,144,108,108,144,108,80,144,78,30,39,36,30,30,30,30,42,37,85,48,77,45,68,38,55,38,55,38,2,55,38,55,52,83,30,
ArrayUtilsAddTest::testAddObjectArrayShort ,37,18,18,35,35,18,35,73,0,720,73,59,70,67,65,86,66,48,47,58,50,51,47,50,52,34,69,65,66,60,55,48,65,65,68,55,61,62,64,64,63,64,63,59,67,60,52,52,60,58,57,57,52,56,46,71,77,58,49,49,52,53,59,63,54,56,57,56,55,57,52,53,54,55,46,48,60,65,71,65,78,501,60,50,49,51,55,59,65,56,57,57,56,56,57,51,55,55,55,45,50,60,53,59,59,61,61,61,57,62,53,56,51,54,56,54,54,54,54,50,62,107,85,107,79,79,107,79,65,94,60,52,57,52,53,53,53,53,50,51,55,56,57,51,48,51,46,51,46,51,71,45,51,46,52,55,54,
ArrayUtilsAddTest::testAddObjectArrayToObjectArray ,728,717,716,728,730,718,725,779,720,0,779,761,776,686,691,687,707,722,725,721,739,740,727,733,747,729,707,694,704,760,724,697,769,767,772,751,764,764,763,766,766,766,765,765,773,747,742,744,737,753,755,754,747,754,746,777,681,747,741,729,746,737,739,731,753,753,749,746,753,748,749,740,756,750,748,740,736,769,777,769,684,498,749,741,729,747,738,740,732,753,753,748,743,753,747,749,742,757,750,749,742,738,743,756,757,754,760,762,757,760,757,750,741,742,740,747,745,743,744,742,754,674,678,694,708,705,694,701,715,683,717,750,753,747,751,750,751,751,751,748,706,747,729,742,724,749,734,747,733,747,777,732,747,732,743,730,749,
ArrayUtilsAddTest::testAddObjectAtIndex ,53,73,73,65,68,73,65,0,73,779,0,20,3,102,102,118,96,57,57,71,53,57,57,53,33,57,102,102,96,23,68,102,13,17,7,34,15,16,17,13,13,16,15,15,8,33,37,37,47,31,29,33,37,31,37,3,110,35,40,54,37,50,47,62,38,36,47,54,38,51,37,50,31,43,37,50,54,13,3,10,112,558,33,40,54,37,49,47,61,36,36,48,59,38,50,37,49,31,43,37,49,52,44,26,26,32,23,23,26,22,26,29,38,39,41,35,35,39,37,40,28,144,126,144,108,108,144,108,80,144,78,30,39,36,30,30,30,30,42,37,85,48,77,45,68,38,55,38,55,38,2,55,38,55,52,83,30,
ArrayUtilsAddTest::testJira567 ,38,59,59,53,56,59,53,20,59,761,20,0,19,87,87,103,81,43,42,59,41,45,42,41,19,42,87,87,81,12,49,87,11,12,14,22,13,15,16,14,14,15,15,15,13,23,24,27,39,24,23,26,27,24,27,17,95,26,27,40,30,42,40,55,31,29,40,47,31,44,30,42,25,37,30,42,46,11,17,12,97,539,25,28,40,30,41,41,54,30,30,41,50,32,43,30,41,25,36,30,41,43,30,18,21,26,19,19,20,19,20,18,26,29,31,25,25,29,27,30,22,131,111,131,95,95,131,95,66,131,59,18,29,26,20,20,20,20,31,24,67,37,62,34,53,27,41,27,41,27,20,39,27,41,40,68,16,
ArrayUtilsAddTest::testLANG571 ,50,70,70,62,65,70,62,3,70,776,3,19,0,100,100,116,94,55,55,69,51,55,55,51,31,55,100,100,94,22,66,100,12,16,6,31,12,13,14,10,10,13,12,12,7,30,35,35,45,29,27,31,35,29,35,3,107,32,38,52,35,48,45,60,36,34,45,52,36,49,35,48,29,41,35,48,51,12,3,8,109,555,31,38,52,35,47,45,59,34,34,46,57,36,48,35,47,29,41,35,47,49,43,25,25,31,22,22,25,21,25,27,36,37,39,33,33,37,35,38,25,142,124,142,106,106,142,106,78,142,75,27,36,33,27,27,27,27,39,34,82,45,74,42,65,35,52,35,52,35,1,52,35,52,49,80,27,
ArrayUtilsRemoveTest::testRemoveBooleanArray ,54,56,67,73,73,67,73,102,67,686,102,87,100,0,15,57,41,48,55,77,74,74,64,74,79,64,41,31,41,88,50,31,94,94,97,82,89,90,93,94,93,94,94,93,96,84,67,75,87,86,87,86,80,86,80,100,72,87,67,62,79,78,89,89,88,88,86,83,87,85,83,82,88,87,83,82,86,94,100,94,70,467,89,67,63,79,77,90,88,89,89,84,82,88,84,84,80,89,85,84,80,86,80,81,85,90,90,90,87,90,87,78,68,74,78,76,76,76,76,77,82,112,70,100,87,87,112,87,82,112,70,78,84,81,84,84,84,84,85,73,54,79,77,75,73,77,74,77,74,77,101,72,77,74,78,81,82,
ArrayUtilsRemoveTest::testRemoveByteArray ,59,48,65,73,73,65,73,102,65,691,102,87,100,15,0,57,41,56,49,77,74,74,63,74,79,63,41,25,41,88,50,25,94,94,97,82,89,89,93,94,93,92,94,93,96,83,70,75,87,86,87,85,80,86,80,100,78,86,70,66,77,77,89,88,87,87,83,84,86,83,83,81,88,84,83,81,84,94,100,94,76,469,86,70,66,77,76,90,87,87,88,83,81,87,83,83,80,89,84,83,80,83,80,81,84,90,90,90,86,90,86,82,74,74,79,79,79,80,79,80,89,111,75,95,88,88,111,88,80,111,72,78,82,81,84,84,84,84,84,74,59,78,74,75,73,77,73,77,73,77,101,71,77,73,78,79,82,
ArrayUtilsRemoveTest::testRemoveCharArray ,89,86,71,89,89,86,89,118,86,687,118,103,116,57,57,0,57,85,85,58,90,90,85,90,95,85,57,57,57,105,66,57,110,108,113,99,107,107,104,110,109,109,110,109,112,100,95,98,81,102,103,102,98,102,98,116,90,102,94,89,99,95,81,77,103,104,99,99,103,99,99,95,104,100,99,95,98,110,116,110,90,480,104,94,90,99,95,82,76,104,105,99,98,104,99,99,95,105,100,99,95,98,96,101,104,95,106,106,102,106,102,98,94,94,86,95,95,94,95,93,105,79,103,99,95,95,99,95,94,99,83,99,96,92,100,100,100,100,100,94,83,89,81,86,77,93,89,93,89,93,117,89,93,89,94,92,98,
ArrayUtilsRemoveTest::testRemoveDoubleArray ,68,66,66,49,70,66,68,96,66,707,96,81,94,41,41,57,0,64,64,73,48,70,64,69,73,64,41,41,35,83,44,41,88,88,91,77,85,86,87,85,87,88,88,86,90,79,73,76,81,72,74,80,76,80,76,94,79,80,72,72,77,75,83,82,73,74,72,72,81,80,77,75,82,80,77,75,79,88,94,88,78,488,81,73,72,76,75,83,81,73,74,71,68,81,79,76,75,82,79,76,75,79,74,79,80,84,80,84,81,84,81,76,74,76,77,67,73,76,74,76,83,112,94,112,73,86,112,86,78,112,68,77,81,76,74,78,78,78,79,72,64,76,77,70,69,67,59,71,68,71,95,68,71,68,73,77,77,
ArrayUtilsRemoveTest::testRemoveElementBooleanArray ,25,39,48,45,46,48,45,57,48,722,57,43,55,48,56,85,64,0,9,42,28,28,18,28,33,18,69,65,64,44,47,65,49,49,52,42,43,44,48,48,47,48,48,47,51,45,26,35,46,42,43,42,39,42,39,55,71,47,28,32,38,42,47,54,44,45,45,47,44,46,42,46,45,45,42,46,50,49,55,49,73,503,47,29,31,38,41,48,53,45,46,44,50,45,45,42,45,46,45,42,45,51,44,40,43,48,48,48,44,48,44,37,27,34,37,36,36,36,36,37,45,118,80,111,83,83,118,83,62,118,56,34,43,41,42,42,42,42,43,32,48,41,52,39,48,38,39,38,39,38,56,38,38,39,42,61,38,
ArrayUtilsRemoveTest::testRemoveElementByteArray ,31,34,46,45,46,47,45,57,47,725,57,42,55,55,49,85,64,9,0,42,28,28,14,28,33,14,69,63,64,44,49,63,49,49,52,42,44,43,47,48,47,47,48,47,51,45,31,35,47,42,43,43,40,42,40,55,75,46,31,37,36,40,47,53,44,45,44,48,44,45,41,45,44,43,41,45,49,49,55,49,78,504,45,31,36,36,39,47,52,44,45,45,50,44,45,41,44,44,44,41,44,49,42,41,42,47,47,47,42,47,42,39,32,34,40,38,38,39,38,40,49,115,85,105,81,81,115,81,60,115,58,35,40,41,42,42,42,42,42,34,51,40,50,38,49,37,39,37,39,37,56,38,37,39,42,61,39,
ArrayUtilsRemoveTest::testRemoveElementCharArray ,52,58,49,53,54,58,53,71,58,721,71,59,69,77,77,58,73,42,42,0,42,42,42,42,47,42,79,77,73,62,57,77,63,61,66,57,61,60,56,62,62,61,62,62,65,60,57,56,42,59,58,59,56,59,56,69,88,61,53,55,56,56,41,45,59,58,55,57,59,56,56,56,60,57,56,56,59,63,69,64,89,513,61,53,55,56,55,41,43,59,58,56,60,59,56,56,55,60,57,56,55,59,56,60,60,52,61,61,59,61,59,56,54,53,46,54,54,53,54,52,63,94,100,108,85,85,108,85,64,108,62,55,50,47,55,55,55,55,55,51,66,44,52,45,47,51,50,51,50,51,70,50,51,50,54,64,53,
ArrayUtilsRemoveTest::testRemoveElementDoubleArray ,40,50,50,29,46,50,44,53,50,739,53,41,51,74,74,90,48,28,28,42,0,28,28,24,29,28,75,74,69,44,51,74,45,45,48,41,43,43,45,41,44,44,44,43,47,44,39,41,46,34,33,42,41,41,41,51,85,45,40,44,41,43,46,52,35,35,36,40,42,43,41,43,43,42,41,43,50,45,51,46,86,520,45,39,43,40,43,46,52,34,34,37,42,42,43,40,43,43,42,40,43,50,40,42,41,44,40,44,41,44,41,38,37,38,39,32,37,38,37,39,45,121,102,120,76,87,120,87,62,120,60,38,42,38,33,38,38,38,42,35,62,41,57,37,47,32,31,36,37,36,52,36,36,37,42,62,35,
ArrayUtilsRemoveTest::testRemoveElementFloatArray ,41,51,51,45,31,51,45,57,51,740,57,45,55,74,74,90,70,28,28,42,28,0,28,28,33,28,52,74,70,46,52,74,49,49,52,42,47,47,49,48,45,48,48,48,51,47,43,43,48,45,45,36,43,45,43,55,85,47,42,47,43,46,48,55,45,45,45,47,36,40,43,46,46,45,43,46,51,49,55,50,87,519,47,42,46,43,44,49,54,45,45,46,52,36,40,43,44,46,46,43,44,52,43,46,46,48,47,43,44,47,44,42,41,41,42,41,36,41,41,42,49,120,101,117,87,77,117,87,64,117,61,40,45,40,41,36,41,41,43,38,61,42,55,39,49,38,39,34,33,38,56,38,38,39,43,61,39,
ArrayUtilsRemoveTest::testRemoveElementIntArray ,38,47,46,45,46,34,45,57,47,727,57,42,55,64,63,85,64,18,14,42,28,28,0,28,33,14,69,49,64,44,49,63,49,49,52,42,46,46,47,48,47,45,47,47,51,45,35,40,47,42,43,43,35,41,40,55,76,46,36,41,41,45,48,53,44,45,44,48,44,45,36,40,44,44,41,45,49,49,55,49,79,509,46,36,40,41,44,48,52,44,45,45,50,44,45,36,39,44,45,41,44,50,42,44,45,47,47,47,39,45,42,39,35,39,40,38,38,34,38,40,49,115,92,115,81,81,105,81,61,115,58,38,44,41,42,42,37,42,42,37,57,42,56,38,49,37,39,37,39,33,56,33,37,39,42,61,39,
ArrayUtilsRemoveTest::testRemoveElementLongArray ,40,50,50,44,46,50,29,53,50,733,53,41,51,74,74,90,69,28,28,42,24,28,28,0,29,28,75,70,48,44,51,74,45,45,48,41,43,43,45,44,44,44,40,44,47,44,39,41,46,41,41,41,41,34,41,51,86,45,40,44,41,45,46,53,42,42,42,45,42,42,41,45,36,37,41,45,50,45,51,46,85,520,45,39,43,41,44,46,53,42,42,42,50,42,41,41,44,36,37,41,44,50,41,42,42,44,44,43,40,38,41,38,37,38,39,37,37,37,32,39,45,122,102,120,88,88,119,77,66,120,60,38,42,38,38,38,37,33,42,35,62,41,57,37,47,36,37,36,37,36,52,36,32,31,42,62,35,
ArrayUtilsRemoveTest::testRemoveElementObjectArray ,35,52,50,46,48,52,46,33,52,747,33,19,31,79,79,95,73,33,33,47,29,33,33,29,0,33,79,79,73,23,36,79,23,23,26,23,24,25,26,26,25,26,26,26,27,22,27,28,37,25,24,25,28,25,28,31,90,24,28,38,28,37,35,50,30,29,34,40,30,38,28,37,26,32,28,37,42,23,31,25,93,526,23,28,38,28,37,36,48,29,29,34,45,30,36,28,37,26,31,28,37,40,22,23,24,28,25,25,24,26,24,16,28,29,30,25,25,29,27,29,27,123,103,124,88,88,124,88,56,124,48,19,28,24,22,22,22,22,30,14,54,25,52,22,43,16,31,16,31,16,32,30,16,31,29,58,13,
ArrayUtilsRemoveTest::testRemoveElementShortArray ,38,47,46,45,46,47,45,57,34,729,57,42,55,64,63,85,64,18,14,42,28,28,14,28,33,0,69,63,64,44,49,49,49,49,52,42,46,46,47,48,47,48,47,44,51,45,35,40,47,42,43,43,40,42,35,55,76,46,36,41,41,45,48,53,44,45,44,48,44,45,41,45,44,43,36,40,49,49,55,49,79,509,46,36,40,41,44,48,52,44,45,45,50,44,45,41,44,44,44,36,39,50,42,44,45,47,47,47,42,47,39,39,35,39,40,38,38,39,38,35,49,115,92,115,81,81,115,81,61,105,58,38,44,41,42,42,42,42,38,37,57,42,56,38,49,37,39,37,39,37,56,38,37,39,40,56,39,
ArrayUtilsRemoveTest::testRemoveFloatArray ,73,69,69,73,51,69,73,102,69,707,102,87,100,41,41,57,41,69,69,79,75,52,69,75,79,69,0,41,41,87,50,41,94,94,97,83,91,92,93,94,91,94,94,93,96,84,79,82,87,86,87,76,82,86,82,100,82,85,78,76,83,81,89,87,87,87,84,84,77,77,83,81,87,85,83,81,85,94,100,94,81,489,87,78,76,83,81,90,88,88,87,86,82,78,76,83,81,88,86,83,81,85,78,84,86,89,90,86,86,90,86,82,78,80,82,79,73,80,79,81,89,112,94,109,88,75,109,88,83,109,74,82,86,81,83,79,83,83,84,78,67,81,80,75,72,77,72,73,63,77,101,72,77,72,78,80,82,
ArrayUtilsRemoveTest::testRemoveIntArray ,67,65,65,73,73,48,72,102,65,694,102,87,100,31,25,57,41,65,63,77,74,74,49,70,79,63,41,0,41,88,50,25,94,94,97,82,91,92,93,94,93,91,93,93,96,84,74,80,87,86,87,86,75,84,80,100,79,87,75,71,83,81,89,88,87,88,83,84,87,83,78,77,86,84,83,81,84,94,100,94,77,478,88,75,71,83,80,90,87,88,89,83,82,88,83,78,76,87,84,83,80,85,80,84,88,90,90,90,82,89,86,82,77,80,79,79,79,74,79,80,89,111,87,111,88,88,95,88,82,111,72,81,87,81,84,84,79,84,84,77,65,82,79,75,73,77,73,77,73,73,101,64,77,73,78,79,82,
ArrayUtilsRemoveTest::testRemoveLongArray ,68,66,66,68,68,66,49,96,66,704,96,81,94,41,41,57,35,64,64,73,69,70,64,48,73,64,41,41,0,83,44,41,88,88,91,77,85,86,87,88,87,87,84,87,90,79,73,77,82,80,81,79,77,72,77,94,81,81,72,72,78,77,83,83,82,82,80,80,78,78,78,77,75,76,78,77,81,88,94,88,78,493,83,73,72,78,77,84,82,83,83,80,78,79,77,78,77,76,74,78,77,80,75,79,82,84,84,82,81,78,81,76,74,76,77,73,73,75,68,77,83,114,95,111,88,88,111,74,80,111,68,77,81,76,78,78,77,74,79,72,64,76,77,70,69,71,68,71,68,71,95,68,67,59,73,77,77,
ArrayUtilsRemoveTest::testRemoveNumberArray ,41,60,59,55,56,60,55,23,60,760,23,12,22,88,88,105,83,44,44,62,44,46,44,44,23,44,87,88,83,0,52,88,14,15,17,23,18,18,19,18,18,19,19,18,17,21,24,26,36,22,22,23,26,22,26,20,96,23,28,40,28,39,38,52,30,29,38,45,29,41,28,39,23,34,28,39,42,14,20,15,99,539,22,28,40,28,39,38,52,28,29,39,49,29,40,28,39,23,34,28,39,40,32,17,19,24,17,17,16,17,16,20,28,30,32,27,26,30,29,31,24,128,109,128,92,92,128,92,64,128,62,18,27,24,18,18,18,18,30,26,67,37,62,33,52,27,40,27,40,27,23,40,27,40,41,68,22,
ArrayUtilsRemoveTest::testRemoveObjectArray ,47,55,52,52,54,55,52,68,55,724,68,49,66,50,50,66,44,47,49,57,51,52,49,51,36,49,50,50,44,52,0,50,58,58,61,46,58,59,60,61,60,61,61,60,62,47,49,51,57,55,56,55,51,55,51,66,79,48,49,48,54,53,58,59,56,56,56,55,56,56,54,53,56,56,54,53,51,58,66,59,82,494,49,48,48,54,52,59,58,57,57,55,56,57,55,54,52,57,55,54,52,49,40,52,55,57,58,57,55,58,55,45,50,53,51,50,50,53,51,52,55,114,92,116,82,81,116,82,56,116,38,48,53,47,49,49,49,49,52,42,48,47,57,39,45,41,44,41,44,41,67,44,41,44,45,60,43,
ArrayUtilsRemoveTest::testRemoveShortArray ,67,65,65,73,73,65,71,102,48,697,102,87,100,31,25,57,41,65,63,77,74,74,63,74,79,49,41,25,41,88,50,0,94,94,97,82,91,92,93,94,93,94,93,90,96,84,74,80,87,86,87,86,80,84,75,100,78,87,75,71,83,81,89,88,87,88,83,84,87,83,83,81,85,83,78,77,84,94,100,94,77,478,88,75,71,83,80,90,87,88,89,83,82,88,83,83,80,86,82,78,76,85,80,84,88,90,90,90,86,90,82,82,77,80,79,79,79,80,79,75,89,111,87,111,88,88,111,88,82,95,72,81,87,81,84,84,84,84,80,77,65,82,79,75,73,77,73,77,73,77,101,71,77,73,75,75,82,
ArrayUtilsTest::testArrayCreation ,46,65,65,57,60,65,57,13,65,769,13,11,12,94,94,110,88,49,49,63,45,49,49,45,23,49,94,94,88,14,58,94,0,4,6,23,11,12,13,11,11,12,12,12,8,24,30,30,40,25,22,27,30,25,30,11,102,26,33,46,30,42,39,55,31,30,40,46,31,44,30,42,24,36,30,42,46,0,11,9,105,548,25,33,46,30,41,40,53,30,31,40,51,32,42,30,41,25,35,30,41,43,32,19,19,24,16,16,19,15,19,20,31,32,34,28,28,32,30,33,24,135,117,135,99,99,135,99,70,135,68,21,30,26,21,21,21,21,33,27,75,38,67,35,58,28,45,28,45,28,13,45,28,45,42,73,20,
ArrayUtilsTest::testArrayCreationWithDifferentTypes ,46,65,65,58,61,65,58,17,65,767,17,12,16,94,94,108,88,49,49,61,45,49,49,45,23,49,94,94,88,15,58,94,4,0,10,24,14,14,13,15,15,14,15,15,11,26,30,31,38,26,23,28,31,26,31,15,103,28,33,46,31,42,37,53,32,31,41,46,32,45,31,42,25,37,31,42,48,4,15,13,105,546,27,33,46,31,42,38,51,31,32,41,50,33,43,31,42,26,36,31,42,44,33,21,21,23,20,20,21,18,21,21,32,32,33,29,29,32,31,32,25,134,117,134,99,99,134,99,70,134,68,22,29,25,22,22,22,22,33,28,75,37,65,33,56,29,46,29,46,29,17,46,29,46,42,73,22,
ArrayUtilsTest::testArrayCreationWithGeneralReturnType ,48,68,68,60,63,68,60,7,68,772,7,14,6,97,97,113,91,52,52,66,48,52,52,48,26,52,97,97,91,17,61,97,6,10,0,28,10,11,12,8,8,11,10,10,7,27,32,33,42,27,25,29,33,27,33,6,105,29,35,49,33,45,42,57,34,32,42,49,34,46,33,45,27,38,33,45,48,6,6,6,107,551,27,35,49,33,44,42,56,32,32,43,54,34,45,33,44,27,38,33,44,46,37,22,22,27,19,19,22,18,22,22,33,34,36,30,30,34,32,35,26,139,121,139,103,103,139,103,73,139,71,24,33,29,24,24,24,24,36,30,78,41,70,38,61,31,48,31,48,31,7,48,31,48,45,76,23,
ArrayUtilsTest::testClone ,36,55,55,48,51,55,48,34,55,751,34,22,31,82,82,99,77,42,42,57,41,42,42,41,23,42,83,82,77,23,46,82,23,24,28,0,24,25,26,26,25,26,26,25,28,23,24,25,36,25,25,25,25,25,25,32,90,27,26,37,25,36,37,52,29,31,36,42,28,39,25,36,25,33,25,36,42,23,32,25,94,532,25,27,37,26,35,37,49,29,31,36,47,29,37,26,35,26,32,26,35,40,24,24,27,29,26,25,27,27,27,18,25,27,30,25,24,28,27,29,24,123,103,123,87,87,123,87,64,123,56,18,25,20,19,19,19,19,27,24,59,36,56,30,47,26,35,25,35,26,32,33,26,35,37,63,21,
ArrayUtilsTest::testCloneBoolean ,38,59,61,55,58,61,55,15,61,764,15,13,12,89,89,107,85,43,44,61,43,47,46,43,24,46,91,91,85,18,58,91,11,14,10,24,0,3,7,5,5,6,5,4,9,27,24,26,38,22,21,24,27,22,27,13,96,30,27,40,27,38,39,54,30,29,39,44,30,43,29,40,23,35,29,40,50,11,13,9,97,545,29,27,40,27,37,40,52,29,30,39,49,31,41,29,39,24,34,29,39,47,36,17,20,27,18,18,20,17,20,21,24,28,31,25,25,29,27,30,21,132,112,131,96,96,132,96,71,132,66,16,29,27,21,21,21,21,33,23,70,37,64,35,57,28,44,28,44,28,13,43,28,44,42,72,22,
ArrayUtilsTest::testCloneByte ,41,59,61,55,58,62,55,16,62,764,16,15,13,90,89,107,86,44,43,60,43,47,46,43,25,46,92,92,86,18,59,92,12,14,11,25,3,0,6,6,6,5,6,5,11,27,26,25,37,22,21,24,28,22,28,15,96,30,29,42,26,37,38,52,29,27,37,42,29,41,29,40,23,34,29,40,49,12,15,11,97,544,28,29,42,26,36,38,51,27,28,38,48,29,40,29,39,23,34,29,39,47,37,19,19,27,19,19,20,18,20,22,27,25,31,26,26,29,28,30,22,132,113,129,97,97,132,97,71,132,68,19,27,26,21,21,21,21,33,25,71,35,62,34,56,28,44,28,44,28,14,44,28,44,42,72,23,
ArrayUtilsTest::testCloneChar ,44,64,61,56,59,64,56,17,64,763,17,16,14,93,93,104,87,48,47,56,45,49,47,45,26,47,93,93,87,19,60,93,13,13,12,26,7,6,0,7,7,6,7,7,13,27,29,29,33,23,23,25,29,23,29,16,99,31,32,44,31,41,34,48,32,30,39,44,32,43,31,41,25,36,31,41,49,13,16,12,101,545,29,32,44,31,41,34,47,30,31,40,49,32,42,31,41,25,36,31,41,48,38,21,23,22,20,20,22,19,22,22,30,30,27,27,27,30,29,29,23,129,116,132,98,98,132,98,72,132,68,21,29,25,23,23,23,23,34,28,74,37,65,33,54,30,46,30,46,30,15,45,30,46,43,73,24,
ArrayUtilsTest::testCloneDouble ,43,64,63,53,59,64,56,13,64,766,13,14,10,94,94,110,85,48,48,62,41,48,48,44,26,48,94,94,88,18,61,94,11,15,8,26,5,6,7,0,3,6,5,5,10,26,28,29,39,20,19,25,29,23,29,12,98,31,32,45,30,41,40,54,28,26,36,42,31,43,30,41,24,35,30,41,50,11,12,8,100,547,29,32,45,30,40,40,53,26,27,37,48,31,42,30,40,24,35,30,40,48,37,20,22,28,16,19,22,18,22,22,29,30,32,23,26,30,28,31,22,134,116,134,96,98,134,98,72,134,69,21,31,28,19,22,22,22,34,28,75,39,68,36,59,26,43,29,46,29,11,46,29,46,43,74,23,
ArrayUtilsTest::testCloneFloat ,43,63,63,55,56,63,55,13,63,766,13,14,10,93,93,109,87,47,47,62,44,45,47,44,25,47,91,93,87,18,60,93,11,15,8,25,5,6,7,3,0,6,5,5,10,26,28,29,39,23,22,22,29,23,29,12,99,30,31,44,30,41,40,54,31,29,39,45,28,40,30,41,24,35,30,41,49,11,12,8,100,547,28,31,44,30,40,40,53,29,30,40,51,28,39,30,40,24,35,30,40,47,37,20,21,28,19,16,21,18,21,22,29,30,32,26,23,30,28,31,22,134,116,134,98,96,134,98,72,134,69,20,30,27,21,19,21,21,33,28,74,39,67,36,58,29,45,26,43,29,11,45,29,45,43,73,23,
ArrayUtilsTest::testCloneInt ,43,62,63,56,59,61,55,16,64,766,16,15,13,94,92,109,88,48,47,61,44,48,45,44,26,48,94,91,87,19,61,94,12,14,11,26,6,5,6,6,6,0,6,6,12,27,28,29,38,23,22,25,26,23,29,15,98,31,32,45,30,41,39,53,31,29,39,44,31,43,27,38,24,35,30,41,48,12,15,11,101,544,29,32,45,30,40,39,52,29,30,40,49,31,42,27,37,24,35,30,40,46,38,21,22,27,20,20,19,18,22,23,29,29,31,27,27,25,28,29,23,134,117,132,99,99,131,99,72,133,69,21,29,27,22,22,20,22,34,28,75,38,66,35,58,30,46,30,46,27,14,43,30,46,43,74,23,
ArrayUtilsTest::testCloneLong ,43,64,63,56,59,63,52,15,63,765,15,15,12,94,94,110,88,48,48,62,44,48,47,40,26,47,94,93,84,19,61,93,12,15,10,26,5,6,7,5,5,6,0,5,11,27,28,29,39,23,22,25,29,18,29,14,100,31,32,45,30,41,40,54,31,29,39,45,30,42,30,41,19,30,30,41,50,12,14,10,102,547,29,32,45,30,40,40,53,29,30,40,51,30,41,30,40,19,30,30,40,48,38,21,22,28,20,20,22,15,22,23,29,30,32,27,27,30,25,31,23,135,117,134,99,99,133,96,73,133,69,21,31,28,22,22,21,20,34,28,75,39,68,36,59,30,46,30,46,30,13,45,27,42,43,74,23,
ArrayUtilsTest::testCloneShort ,42,62,61,55,58,62,55,15,59,765,15,15,12,93,93,109,86,47,47,62,43,48,47,44,26,44,93,93,87,18,60,90,12,15,10,25,4,5,7,5,5,6,5,0,10,27,27,28,38,22,21,24,28,22,25,14,97,31,31,44,29,40,39,53,30,28,38,44,30,42,29,40,23,34,26,37,50,12,14,10,99,545,29,31,44,29,39,39,52,28,29,39,50,30,41,29,39,23,34,26,36,46,36,20,21,28,19,19,21,18,18,22,28,30,32,26,26,29,28,28,22,133,115,133,97,97,133,97,71,130,68,20,31,28,21,22,22,22,31,27,74,39,67,36,58,29,44,29,45,29,13,45,29,45,40,70,22,
ArrayUtilsTest::testConstructor ,47,67,67,59,62,67,59,8,67,773,8,13,7,96,96,112,90,51,51,65,47,51,51,47,27,51,96,96,90,17,62,96,8,11,7,28,9,11,13,10,10,12,11,10,0,28,31,31,42,26,25,28,31,26,31,7,104,31,34,48,33,45,43,59,34,33,44,49,34,48,33,45,27,40,33,45,51,8,7,7,106,552,30,34,48,33,44,44,57,33,34,44,55,35,46,33,44,28,39,33,44,48,37,20,22,28,19,19,21,18,21,23,32,33,35,29,29,33,31,34,24,138,120,138,102,102,138,102,73,138,72,24,35,32,26,26,26,26,38,31,79,43,71,40,62,33,49,33,49,33,8,49,33,49,47,77,25,
ArrayUtilsTest::testContains ,40,60,60,53,56,60,53,33,60,747,33,23,30,84,83,100,79,45,45,60,44,47,45,44,22,45,84,84,79,21,47,84,24,26,27,23,27,27,27,26,26,27,27,27,28,0,26,26,34,25,26,25,26,25,26,31,88,9,29,41,29,39,36,50,32,32,37,40,32,39,29,39,27,33,29,39,28,24,31,25,91,529,7,30,41,29,38,36,50,31,32,38,47,32,39,29,38,28,33,29,38,26,26,26,26,29,26,25,26,26,26,22,30,31,33,28,28,31,30,31,30,123,104,123,88,88,123,88,55,123,55,23,30,27,25,25,25,25,31,26,61,34,59,31,50,25,38,25,38,25,31,38,25,38,37,66,24,
ArrayUtilsTest::testContainsBoolean ,26,47,52,48,50,52,48,37,52,742,37,24,35,67,70,95,73,26,31,57,39,43,35,39,27,35,79,74,73,24,49,74,30,30,32,24,24,26,29,28,28,28,28,27,31,26,0,20,33,23,26,24,23,23,23,35,81,33,9,19,25,33,37,52,31,33,37,42,30,40,28,36,27,34,28,36,47,30,35,29,83,522,31,9,21,25,33,38,51,31,33,37,47,30,38,28,36,27,33,28,36,45,34,20,24,29,27,27,25,27,25,21,20,25,28,24,23,27,26,28,28,122,92,118,88,88,122,88,64,122,56,20,28,25,25,24,25,25,31,17,51,32,53,31,50,27,38,27,38,27,36,36,27,38,38,65,24,
ArrayUtilsTest::testContainsByte ,29,45,52,50,53,52,51,37,52,744,37,27,35,75,75,98,76,35,35,56,41,43,40,41,28,40,82,80,77,26,51,80,30,31,33,25,26,25,29,29,29,29,29,28,31,26,20,0,27,18,21,18,6,18,6,35,86,30,26,34,6,19,29,45,24,27,31,38,24,34,12,25,20,28,12,25,46,30,35,29,90,525,29,26,35,6,17,30,44,25,28,32,44,25,33,12,23,21,28,12,23,44,33,21,23,30,27,27,26,27,26,26,23,23,30,27,27,28,27,30,31,120,96,114,86,85,120,86,64,120,59,24,27,26,25,25,25,25,32,25,59,32,54,32,50,30,40,30,40,30,36,39,30,40,39,66,29,
ArrayUtilsTest::testContainsChar ,43,59,56,54,57,60,54,47,60,737,47,39,45,87,87,81,81,46,47,42,46,48,47,46,37,47,87,87,82,36,57,87,40,38,42,36,38,37,33,39,39,38,39,38,42,34,33,27,0,28,31,28,27,28,27,45,93,36,37,43,31,37,6,22,36,38,38,44,36,40,31,37,33,34,31,37,47,40,45,40,96,530,35,37,43,31,36,6,20,36,38,39,49,36,39,31,36,33,34,31,36,47,41,37,38,28,39,39,37,39,37,36,34,35,28,35,35,34,35,34,42,104,108,117,91,91,117,91,67,117,65,35,30,34,37,37,37,37,39,36,69,32,54,33,49,36,45,36,46,36,46,46,36,46,43,70,39,
ArrayUtilsTest::testContainsDouble ,39,57,58,44,54,58,52,31,58,753,31,24,29,86,86,102,72,42,42,59,34,45,42,41,25,42,86,86,80,22,55,86,25,26,27,25,22,22,23,20,23,23,23,22,26,25,23,18,28,0,6,14,18,12,18,29,93,30,26,40,23,34,33,48,12,13,21,28,23,36,23,34,17,29,23,34,47,25,29,24,95,535,28,26,40,23,33,33,47,10,13,22,33,23,35,23,33,17,29,23,33,46,36,24,23,28,18,24,22,23,22,24,29,28,31,23,27,29,28,30,27,125,107,125,86,91,125,91,63,125,64,22,28,26,20,22,22,22,32,26,68,37,63,34,55,25,37,29,42,29,30,42,29,42,40,69,25,
ArrayUtilsTest::testContainsDoubleTolerance ,41,56,57,44,53,57,51,29,57,755,29,23,27,87,87,103,74,43,43,58,33,45,43,41,24,43,87,87,81,22,56,87,22,23,25,25,21,21,23,19,22,22,22,21,25,26,26,21,31,6,0,18,21,16,21,27,94,29,28,41,21,35,32,48,12,10,22,26,22,36,21,35,17,29,21,35,47,22,27,24,96,536,29,28,41,22,32,33,46,11,11,22,32,23,34,22,32,18,28,22,32,47,36,22,23,29,17,22,22,22,22,21,27,28,30,22,25,28,26,29,26,126,108,124,86,92,124,92,64,124,65,23,29,26,21,22,22,22,32,26,69,37,64,34,54,25,37,29,43,29,28,43,29,43,41,69,23,
ArrayUtilsTest::testContainsFloat ,39,56,57,52,45,57,51,33,57,754,33,26,31,86,85,102,80,42,43,59,42,36,43,41,25,43,76,86,79,23,55,86,27,28,29,25,24,24,25,25,22,25,25,24,28,25,24,18,28,14,18,0,18,14,18,31,93,30,28,40,23,34,33,48,24,25,33,39,10,23,23,34,19,30,23,34,48,27,31,26,95,534,28,28,40,23,33,33,47,23,25,34,45,10,22,23,33,19,30,23,33,46,35,25,24,28,25,20,24,25,24,26,29,28,31,28,24,29,28,31,29,124,106,120,91,86,120,90,63,120,64,23,27,26,22,22,23,23,31,26,68,37,63,34,54,29,41,26,38,29,32,41,29,41,40,69,26,
ArrayUtilsTest::testContainsInt ,33,51,52,50,53,46,51,37,52,747,37,27,35,80,80,98,76,39,40,56,41,43,35,41,28,40,82,75,77,26,51,80,30,31,33,25,27,28,29,29,29,26,29,28,31,26,23,6,27,18,21,18,0,18,6,35,86,30,29,36,12,25,29,45,24,27,31,38,24,34,6,19,20,28,12,25,46,30,35,29,90,525,29,28,38,12,23,30,44,25,28,32,44,25,33,6,17,21,28,12,23,44,33,24,27,30,27,27,22,27,26,26,26,27,30,27,27,25,27,30,31,120,101,120,86,85,114,86,65,120,59,25,27,26,25,25,23,25,32,28,62,35,59,32,50,30,40,30,40,27,36,36,30,40,39,66,29,
ArrayUtilsTest::testContainsLong ,39,57,58,52,54,56,44,31,56,754,31,24,29,86,86,102,80,42,42,59,41,45,41,34,25,42,86,84,72,22,55,84,25,26,27,25,22,22,23,23,23,23,18,22,26,25,23,18,28,12,16,14,18,0,18,29,92,30,26,40,23,34,33,48,23,23,32,38,23,36,23,34,6,18,23,34,47,25,29,24,94,535,28,26,40,23,33,33,47,21,23,33,44,23,35,23,33,6,18,23,33,46,36,24,23,28,24,24,22,19,22,24,29,28,31,27,27,27,23,30,27,126,108,124,91,91,124,86,64,124,64,22,28,26,21,22,22,20,32,26,68,37,63,34,55,29,42,29,42,29,30,42,25,37,40,68,25,
ArrayUtilsTest::testContainsShort ,33,51,52,50,53,52,51,37,46,746,37,27,35,80,80,98,76,39,40,56,41,43,40,41,28,35,82,80,77,26,51,75,30,31,33,25,27,28,29,29,29,29,29,25,31,26,23,6,27,18,21,18,6,18,0,35,87,30,29,36,12,25,29,45,24,27,31,38,24,34,12,25,20,28,6,19,46,30,35,29,91,525,29,28,38,12,23,30,44,25,28,32,44,25,33,12,23,21,28,6,17,44,33,24,27,30,27,27,26,27,22,26,26,27,30,27,27,28,27,26,31,120,101,120,86,85,120,86,65,114,59,25,27,26,25,25,25,25,31,28,62,35,59,32,50,30,40,30,40,30,36,39,30,40,36,62,29,
ArrayUtilsTest::testEmptyArrayCreation ,51,71,71,63,66,71,63,3,71,777,3,17,3,100,100,116,94,55,55,69,51,55,55,51,31,55,100,100,94,20,66,100,11,15,6,32,13,15,16,12,12,15,14,14,7,31,35,35,45,29,27,31,35,29,35,0,108,33,38,52,35,48,45,60,36,34,45,52,36,49,35,48,29,41,35,48,52,11,0,8,110,556,32,38,52,35,47,46,59,34,34,46,56,36,48,35,47,30,41,35,47,50,42,24,24,30,21,21,24,20,24,27,36,37,39,33,33,37,35,38,26,141,123,141,105,105,141,105,77,141,76,28,37,34,28,28,28,28,40,35,83,46,75,43,66,36,53,36,53,36,3,53,36,53,50,81,28,
ArrayUtilsTest::testGetLength ,73,76,78,83,84,77,86,110,77,681,110,95,107,72,78,90,79,71,75,88,85,85,76,86,90,76,82,79,81,96,79,78,102,103,105,90,96,96,99,98,99,98,100,97,104,88,81,86,93,93,94,93,86,92,87,108,0,94,80,77,90,90,97,98,94,95,96,91,95,95,90,90,96,95,91,91,94,102,108,101,30,466,95,81,79,91,91,98,98,96,96,95,91,96,95,91,90,96,97,92,91,95,89,92,96,99,99,100,95,99,96,84,77,82,81,82,82,78,81,79,85,118,95,117,95,95,118,95,88,117,80,88,93,91,92,91,92,93,93,86,78,91,90,87,83,90,86,90,88,88,108,84,90,87,91,91,87,
ArrayUtilsTest::testIndexOf ,43,58,58,53,55,58,53,35,58,747,35,26,32,87,86,102,80,47,46,61,45,47,46,45,24,46,85,87,81,23,48,87,26,28,29,27,30,30,31,31,30,31,31,31,31,9,33,30,36,30,29,30,30,30,30,33,94,0,33,43,30,37,37,47,29,31,36,40,31,38,30,37,27,32,30,37,23,26,33,28,96,531,3,33,43,30,36,37,47,30,32,37,49,32,38,30,36,28,31,30,36,20,25,27,28,31,28,27,29,28,29,24,32,32,34,30,30,32,31,32,33,124,106,124,89,89,124,89,55,124,58,25,31,29,27,27,27,27,33,28,63,35,58,32,50,27,38,27,38,27,33,38,27,38,38,65,27,
ArrayUtilsTest::testIndexOfBoolean ,23,44,49,46,48,49,46,40,49,741,40,27,38,67,70,94,72,28,31,53,40,42,36,40,28,36,78,75,72,28,49,75,33,33,35,26,27,29,32,32,31,32,32,31,34,29,9,26,37,26,28,28,29,26,29,38,80,33,0,14,26,35,38,52,26,28,33,39,26,36,29,38,29,36,29,38,46,33,38,32,83,522,33,1,14,26,34,39,50,26,29,33,43,26,35,29,37,29,35,29,37,43,36,22,27,33,30,30,28,29,28,25,21,26,30,25,25,28,27,29,31,123,93,119,88,88,123,88,64,123,57,22,30,27,25,25,25,25,33,20,52,34,55,35,50,29,39,29,39,29,39,37,29,39,41,66,26,
ArrayUtilsTest::testIndexOfBooleanWithStartIndex ,31,44,47,48,49,49,48,54,49,729,54,40,52,62,66,89,72,32,37,55,44,47,41,44,38,41,76,71,72,40,48,71,46,46,49,37,40,42,44,45,44,45,45,44,48,41,19,34,43,40,41,40,36,40,36,52,77,43,14,0,35,36,44,52,37,39,37,39,38,37,37,39,41,41,37,39,46,46,52,46,81,512,44,14,9,36,37,44,51,39,40,36,45,39,36,38,39,42,40,38,39,44,40,35,40,45,43,43,41,43,41,33,29,33,36,33,33,35,35,36,40,119,89,116,86,86,121,86,64,121,56,34,40,37,39,39,39,39,40,30,53,41,58,41,48,39,43,39,43,39,53,41,39,43,46,65,38,
ArrayUtilsTest::testIndexOfByte ,33,46,52,50,53,52,51,37,52,746,37,30,35,79,77,99,77,38,36,56,41,43,41,41,28,41,83,83,78,28,54,83,30,31,33,25,27,26,31,30,30,30,30,29,33,29,25,6,31,23,21,23,12,23,12,35,90,30,26,35,0,15,27,42,21,26,29,35,22,31,6,21,18,25,6,21,44,30,35,31,93,528,30,26,36,1,12,28,41,23,27,29,42,23,30,7,18,19,25,7,18,43,33,23,23,30,27,27,25,27,25,27,26,26,32,30,30,31,30,32,31,120,96,114,86,86,120,87,66,120,62,25,26,25,24,24,24,24,31,24,61,32,55,32,50,28,41,28,41,28,36,41,28,41,39,68,28,
ArrayUtilsTest::testIndexOfByteWithStartIndex ,38,48,53,53,53,53,53,50,53,737,50,42,48,78,77,95,75,42,40,56,43,46,45,45,37,45,81,81,77,39,53,81,42,42,45,36,38,37,41,41,41,41,41,40,45,39,33,19,37,34,35,34,25,34,25,48,90,37,35,36,15,0,33,31,32,38,27,38,34,25,21,6,31,20,21,6,41,42,48,43,91,523,36,35,36,14,7,34,36,34,38,31,46,34,32,20,13,31,26,20,13,39,39,35,34,41,40,40,38,40,38,39,35,34,40,39,39,39,39,40,42,117,93,112,84,84,117,85,63,117,61,37,37,36,36,37,37,37,42,32,61,36,57,35,50,35,42,35,43,35,49,43,35,43,40,68,39,
ArrayUtilsTest::testIndexOfChar ,46,58,56,55,58,59,55,47,59,739,47,40,45,89,89,81,83,47,47,41,46,48,48,46,35,48,89,89,83,38,58,89,39,37,42,37,39,38,34,40,40,39,40,39,43,36,37,29,6,33,32,33,29,33,29,45,97,37,38,44,27,33,0,17,32,36,37,43,32,38,27,33,28,31,27,33,47,39,45,42,99,533,35,38,44,27,33,1,15,33,37,36,46,33,37,27,33,29,31,27,33,47,41,37,36,28,37,37,36,37,36,39,38,38,32,38,38,37,38,37,43,104,108,117,91,91,117,91,67,117,67,36,30,33,35,35,35,35,39,36,70,32,52,33,49,37,46,37,46,37,46,46,37,46,42,69,39,
ArrayUtilsTest::testIndexOfCharWithStartIndex ,54,63,59,58,59,63,58,62,63,731,62,55,60,89,88,77,82,54,53,45,52,55,53,53,50,53,87,88,83,52,59,88,55,53,57,52,54,52,48,54,54,53,54,53,59,50,52,45,22,48,48,48,45,48,45,60,98,47,52,52,42,31,17,0,46,51,39,49,48,37,42,31,45,32,42,31,48,55,60,57,100,529,47,51,51,41,38,16,7,47,50,43,55,47,43,41,38,44,39,41,38,48,53,53,51,42,54,54,52,54,52,55,53,53,45,54,54,52,54,52,58,98,105,112,89,89,112,89,68,112,68,52,45,49,52,52,52,52,54,50,72,44,53,44,51,50,51,50,51,50,61,51,50,51,50,71,54,
ArrayUtilsTest::testIndexOfDouble ,40,54,54,42,51,54,49,38,54,753,38,31,36,88,87,103,73,44,44,59,35,45,44,42,30,44,87,87,82,30,56,87,31,32,34,29,30,29,32,28,31,31,31,30,34,32,31,24,36,12,12,24,24,23,24,36,94,29,26,37,21,32,32,46,0,7,12,19,17,29,21,32,19,28,21,32,47,31,36,33,97,533,30,26,37,21,31,33,45,3,8,12,25,18,28,21,31,20,28,21,31,44,34,29,28,33,24,30,29,28,29,30,32,32,34,27,31,32,32,33,34,123,105,122,84,89,122,89,65,122,67,27,31,29,25,27,27,27,34,31,69,40,63,37,54,29,40,32,43,32,37,43,32,43,44,69,30,
ArrayUtilsTest::testIndexOfDoubleTolerance ,39,56,56,42,51,56,49,36,56,753,36,29,34,88,87,104,74,45,45,58,35,45,45,42,29,45,87,88,82,29,56,88,30,31,32,31,29,27,30,26,29,29,29,28,33,32,33,27,38,13,10,25,27,23,27,34,95,31,28,39,26,38,36,51,7,0,15,18,20,32,26,38,21,33,26,38,48,30,34,31,98,534,32,28,38,26,37,37,50,6,1,16,23,21,31,26,37,22,33,26,37,47,36,29,27,34,23,29,28,29,28,28,29,30,32,24,27,30,28,31,31,124,106,123,86,91,123,91,65,123,67,27,33,30,25,26,26,26,36,31,69,39,63,36,54,29,40,29,42,29,35,42,29,42,43,69,28,
ArrayUtilsTest::testIndexOfDoubleWithStartIndex ,43,57,55,44,53,57,52,47,57,749,47,40,45,86,83,99,72,45,44,55,36,45,44,42,34,44,84,83,80,38,56,83,40,41,42,36,39,37,39,36,39,39,39,38,44,37,37,31,38,21,22,33,31,32,31,45,96,36,33,37,29,27,37,39,12,15,0,18,28,19,29,27,30,21,29,27,44,40,45,42,98,526,36,33,35,28,30,36,43,12,14,6,24,27,23,28,30,29,26,28,30,42,41,38,36,40,32,39,37,39,37,39,38,39,38,33,38,38,38,38,42,120,102,118,81,87,118,87,65,118,64,36,38,35,34,36,36,36,40,34,69,42,62,39,53,32,43,36,44,36,46,44,36,44,45,68,38,
ArrayUtilsTest::testIndexOfDoubleWithStartIndexTolerance ,46,56,54,44,52,56,52,54,56,746,54,47,52,83,84,99,72,47,48,57,40,47,48,45,40,48,84,84,80,45,55,84,46,46,49,42,44,42,44,42,45,44,45,44,49,40,42,38,44,28,26,39,38,38,38,52,91,40,39,39,35,38,43,49,19,18,18,0,34,31,35,38,36,34,35,38,49,46,52,48,94,525,41,39,39,36,38,43,50,21,18,20,20,35,34,36,38,37,38,36,38,49,46,44,42,46,40,45,43,45,43,41,40,40,39,35,39,40,40,39,45,117,100,117,81,86,117,87,66,117,63,41,45,40,40,41,42,42,45,40,66,44,62,42,53,37,45,41,46,41,53,46,41,46,48,68,42,
ArrayUtilsTest::testIndexOfFloat ,40,55,55,49,43,55,46,38,55,753,38,31,36,87,86,103,81,44,44,59,42,36,44,42,30,44,77,87,78,29,56,87,31,32,34,28,30,29,32,31,28,31,30,30,34,32,30,24,36,23,22,10,24,23,24,36,95,31,26,38,22,34,32,48,17,20,28,34,0,15,22,34,19,31,22,34,47,31,36,33,97,532,31,26,38,22,33,33,46,17,21,28,40,1,13,22,33,20,30,22,33,45,34,29,28,32,30,24,29,28,29,30,32,32,34,30,27,32,30,33,34,123,105,120,90,85,120,88,64,120,67,27,29,28,25,24,26,24,33,30,68,40,62,36,53,31,42,29,39,31,37,42,30,41,43,68,30,
ArrayUtilsTest::testIndexOfFloatWithStartIndex ,46,57,56,53,47,57,52,51,57,748,51,44,49,85,83,99,80,46,45,56,43,40,45,42,38,45,77,83,78,41,56,83,44,45,46,39,43,41,43,43,40,43,42,42,48,39,40,34,40,36,36,23,34,36,34,49,95,38,36,37,31,25,38,37,29,32,19,31,15,0,31,25,34,21,31,25,43,44,49,46,97,524,36,36,36,30,29,38,43,30,31,24,39,14,7,30,29,33,28,30,29,42,43,41,40,44,42,35,40,42,40,43,41,42,41,41,36,41,41,41,46,120,103,118,89,83,118,87,65,118,65,39,40,39,38,37,39,37,42,37,69,42,61,39,53,37,44,33,43,37,50,45,37,44,45,68,42,
ArrayUtilsTest::testIndexOfInt ,37,52,52,50,53,46,51,37,52,749,37,30,35,83,83,99,77,42,41,56,41,43,36,41,28,41,83,78,78,28,54,83,30,31,33,25,29,29,31,30,30,27,30,29,33,29,28,12,31,23,21,23,6,23,12,35,90,30,29,37,6,21,27,42,21,26,29,35,22,31,0,15,18,25,6,21,44,30,35,31,93,527,30,29,39,7,18,28,41,23,27,29,42,23,30,1,12,19,25,7,18,43,33,26,27,30,27,27,21,27,25,27,29,30,32,30,30,28,30,32,31,120,101,120,86,86,114,87,66,120,62,25,27,25,24,24,22,24,31,27,65,36,61,32,50,28,41,28,41,25,36,39,28,41,39,68,28,
ArrayUtilsTest::testIndexOfIntWithStartIndex ,42,53,53,53,53,48,53,50,53,740,50,42,48,82,81,95,75,46,45,56,43,46,40,45,37,45,81,77,77,39,53,81,42,42,45,36,40,40,41,41,41,38,41,40,45,39,36,25,37,34,35,34,19,34,25,48,90,37,38,39,21,6,33,31,32,38,27,38,34,25,15,0,31,20,21,6,41,42,48,43,91,519,36,38,39,20,13,34,36,34,38,31,46,34,32,14,7,31,26,20,13,39,39,38,38,41,40,40,34,40,38,39,38,38,40,39,39,36,39,40,42,117,98,117,84,84,112,85,63,117,61,37,37,36,36,37,35,37,42,35,65,39,61,35,50,35,42,35,43,31,49,40,35,43,40,68,39,
ArrayUtilsTest::testIndexOfLong ,40,56,57,50,52,56,43,31,54,756,31,25,29,88,88,104,82,45,44,60,43,46,44,36,26,44,87,86,75,23,56,85,24,25,27,25,23,23,25,24,24,24,19,23,27,27,27,20,33,17,17,19,20,6,20,29,96,27,29,41,18,31,28,45,19,21,30,36,19,34,18,31,0,14,18,31,46,24,29,26,97,537,26,29,41,18,30,29,43,18,22,30,42,20,32,18,30,1,13,18,30,44,33,23,22,28,24,24,23,19,23,26,30,30,33,28,28,31,24,31,27,127,109,126,92,92,126,87,67,125,67,23,28,26,21,22,22,20,31,26,70,37,63,35,55,29,42,29,42,29,30,42,25,37,41,68,27,
ArrayUtilsTest::testIndexOfLongWithStartIndex ,44,56,56,53,55,57,45,43,55,750,43,37,41,87,84,100,80,45,43,57,42,45,44,37,32,43,85,84,76,34,56,83,36,37,38,33,35,34,36,35,35,35,30,34,40,33,34,28,34,29,29,30,28,18,28,41,95,32,36,41,25,20,31,32,28,33,21,34,31,21,25,20,14,0,25,20,41,36,41,38,97,529,30,36,39,24,24,31,38,29,32,26,41,30,28,24,24,13,7,24,24,39,38,34,33,37,35,35,33,30,33,36,36,36,35,36,35,34,31,35,39,122,105,123,89,89,122,83,68,120,66,34,36,34,33,34,34,32,38,31,68,38,62,35,53,32,44,32,44,32,42,44,28,40,41,69,35,
ArrayUtilsTest::testIndexOfShort ,37,52,52,50,53,52,51,37,46,748,37,30,35,83,83,99,77,42,41,56,41,43,41,41,28,36,83,83,78,28,54,78,30,31,33,25,29,29,31,30,30,30,30,26,33,29,28,12,31,23,21,23,12,23,6,35,91,30,29,37,6,21,27,42,21,26,29,35,22,31,6,21,18,25,0,15,44,30,35,31,94,527,30,29,39,7,18,28,41,23,27,29,42,23,30,7,18,19,25,1,12,43,33,26,27,30,27,27,25,27,21,27,29,30,32,30,30,31,30,28,31,120,101,120,86,86,120,87,66,114,62,25,27,25,24,24,24,24,30,27,65,36,61,32,50,28,41,28,41,28,36,41,28,41,36,62,28,
ArrayUtilsTest::testIndexOfShortWithStartIndex ,42,53,53,53,53,53,53,50,48,740,50,42,48,82,81,95,75,46,45,56,43,46,45,45,37,40,81,81,77,39,53,77,42,42,45,36,40,40,41,41,41,41,41,37,45,39,36,25,37,34,35,34,25,34,19,48,91,37,38,39,21,6,33,31,32,38,27,38,34,25,21,6,31,20,15,0,41,42,48,43,92,521,36,38,39,20,13,34,36,34,38,31,46,34,32,20,13,31,26,14,7,39,39,38,38,41,40,40,38,40,34,39,38,38,40,39,39,39,39,37,42,117,98,117,84,84,117,85,63,112,61,37,37,36,36,37,37,37,41,35,65,39,61,35,50,35,42,35,43,35,49,43,35,43,37,64,39,
ArrayUtilsTest::testIndexOfWithStartIndex ,50,60,59,54,56,60,54,54,60,736,54,46,51,86,84,98,79,50,49,59,50,51,49,50,42,49,85,84,81,42,51,84,46,48,48,42,50,49,49,50,49,48,50,50,51,28,47,46,47,47,47,48,46,47,46,52,94,23,46,46,44,41,47,48,47,48,44,49,47,43,44,41,46,41,44,41,0,46,52,47,97,522,22,45,45,45,39,46,48,46,48,42,53,46,42,45,39,47,41,45,39,16,40,44,42,46,45,44,44,45,44,44,49,49,48,48,48,48,49,49,50,116,100,118,83,83,118,83,55,118,57,44,45,43,44,45,45,45,47,45,66,48,57,46,51,44,45,44,45,44,52,45,44,45,49,66,42,
ArrayUtilsTest::testIndirectArrayCreation ,46,65,65,57,60,65,57,13,65,769,13,11,12,94,94,110,88,49,49,63,45,49,49,45,23,49,94,94,88,14,58,94,0,4,6,23,11,12,13,11,11,12,12,12,8,24,30,30,40,25,22,27,30,25,30,11,102,26,33,46,30,42,39,55,31,30,40,46,31,44,30,42,24,36,30,42,46,0,11,9,105,548,25,33,46,30,41,40,53,30,31,40,51,32,42,30,41,25,35,30,41,43,32,19,19,24,16,16,19,15,19,20,31,32,34,28,28,32,30,33,24,135,117,135,99,99,135,99,70,135,68,21,30,26,21,21,21,21,33,27,75,38,67,35,58,28,45,28,45,28,13,45,28,45,42,73,20,
ArrayUtilsTest::testIndirectEmptyArrayCreation ,51,71,71,63,66,71,63,3,71,777,3,17,3,100,100,116,94,55,55,69,51,55,55,51,31,55,100,100,94,20,66,100,11,15,6,32,13,15,16,12,12,15,14,14,7,31,35,35,45,29,27,31,35,29,35,0,108,33,38,52,35,48,45,60,36,34,45,52,36,49,35,48,29,41,35,48,52,11,0,8,110,556,32,38,52,35,47,46,59,34,34,46,56,36,48,35,47,30,41,35,47,50,42,24,24,30,21,21,24,20,24,27,36,37,39,33,33,37,35,38,26,141,123,141,105,105,141,105,77,141,76,28,37,34,28,28,28,28,40,35,83,46,75,43,66,36,53,36,53,36,3,53,36,53,50,81,28,
ArrayUtilsTest::testIsEmptyObject ,45,65,65,57,60,65,57,10,65,769,10,12,8,94,94,110,88,49,49,64,46,50,49,46,25,49,94,94,88,15,59,94,9,13,6,25,9,11,12,8,8,11,10,10,7,25,29,29,40,24,24,26,29,24,29,8,101,28,32,46,31,43,42,57,33,31,42,48,33,46,31,43,26,38,31,43,47,9,8,0,103,549,26,32,46,31,42,42,56,31,32,43,52,33,45,31,42,26,38,31,42,45,36,19,21,27,18,18,20,18,20,20,30,31,33,27,27,31,29,32,23,136,118,136,100,100,136,100,72,136,68,21,33,29,23,23,23,23,35,29,75,40,68,37,59,30,46,30,46,30,9,46,30,46,44,74,20,
ArrayUtilsTest::testIsEmptyPrimitives ,77,77,79,85,84,78,85,112,78,684,112,97,109,70,76,90,78,73,78,89,86,87,79,85,93,79,81,77,78,99,82,77,105,105,107,94,97,97,101,100,100,101,102,99,106,91,83,90,96,95,96,95,90,94,91,110,30,96,83,81,93,91,99,100,97,98,98,94,97,97,93,91,97,97,94,92,97,105,110,103,0,463,98,83,80,92,92,100,100,98,99,99,93,98,98,92,92,97,98,93,93,98,94,93,98,100,100,101,96,98,97,87,80,85,84,84,84,82,82,82,90,117,94,118,93,93,118,91,93,118,85,91,96,94,95,94,95,96,95,90,77,95,93,91,87,94,89,94,91,92,110,88,93,90,94,94,89,
ArrayUtilsTest::testIsEquals ,509,496,499,514,512,501,514,558,501,498,558,539,555,467,469,480,488,503,504,513,520,519,509,520,526,509,489,478,493,539,494,478,548,546,551,532,545,544,545,547,547,544,547,545,552,529,522,525,530,535,536,534,525,535,525,556,466,531,522,512,528,523,533,529,533,534,526,525,532,524,527,519,537,529,527,521,522,548,556,549,463,0,532,522,512,528,522,534,528,534,534,527,524,532,525,527,520,537,530,527,521,523,521,535,536,538,541,541,536,541,535,530,521,520,522,524,524,521,524,520,537,493,475,490,487,486,489,486,498,488,486,530,530,526,530,531,533,534,532,525,482,525,512,521,502,524,511,524,512,525,556,511,525,513,524,512,532,
ArrayUtilsTest::testLastIndexOf ,43,59,60,53,56,60,53,33,60,749,33,25,31,89,86,104,81,47,45,61,45,47,46,45,23,46,87,88,83,22,49,88,25,27,27,25,29,28,29,29,28,29,29,29,30,7,31,29,35,28,29,28,29,28,29,32,95,3,33,44,30,36,35,47,30,32,36,41,31,36,30,36,26,30,30,36,22,25,32,26,98,532,0,33,44,30,36,35,47,30,32,37,49,31,37,30,36,26,31,30,36,21,26,26,26,29,26,25,27,27,27,25,33,34,36,30,30,33,32,34,33,125,107,125,90,90,125,90,56,125,60,24,30,28,26,26,26,26,32,27,63,35,59,32,51,26,38,26,38,26,31,38,26,38,39,66,26,
ArrayUtilsTest::testLastIndexOfBoolean ,23,45,49,47,49,50,47,40,50,741,40,28,38,67,70,94,73,29,31,53,39,42,36,39,28,36,78,75,73,28,48,75,33,33,35,27,27,29,32,32,31,32,32,31,34,30,9,26,37,26,28,28,28,26,28,38,81,33,1,14,26,35,38,51,26,28,33,39,26,36,29,38,29,36,29,38,45,33,38,32,83,522,33,0,14,26,34,39,50,26,29,33,43,26,35,29,37,29,35,29,37,43,36,23,27,33,30,30,28,30,28,25,21,26,30,25,25,28,27,29,32,123,94,120,88,88,124,88,64,124,57,22,30,27,25,25,25,25,33,21,53,35,56,34,51,29,40,29,40,29,39,38,29,40,42,67,27,
ArrayUtilsTest::testLastIndexOfBooleanWithStartIndex ,32,44,47,47,48,49,47,54,49,729,54,40,52,63,66,90,72,31,36,55,43,46,40,43,38,40,76,71,72,40,48,71,46,46,49,37,40,42,44,45,44,45,45,44,48,41,21,35,43,40,41,40,38,40,38,52,79,43,14,9,36,36,44,51,37,38,35,39,38,36,39,39,41,39,39,39,45,46,52,46,80,512,44,14,0,36,38,44,50,38,38,36,45,38,36,39,41,41,40,39,41,44,40,35,39,46,43,43,40,43,40,36,29,34,37,36,36,36,36,37,44,118,89,116,86,86,120,86,63,120,55,32,39,36,38,38,38,38,40,30,51,42,56,40,50,38,42,38,42,38,53,40,38,42,46,65,38,
ArrayUtilsTest::testLastIndexOfByte ,33,45,51,50,53,51,51,37,51,747,37,30,35,79,77,99,76,38,36,56,40,43,41,41,28,41,83,83,78,28,54,83,30,31,33,26,27,26,31,30,30,30,30,29,33,29,25,6,31,23,22,23,12,23,12,35,91,30,26,36,1,14,27,41,21,26,28,36,22,30,7,20,18,24,7,20,45,30,35,31,92,528,30,26,36,0,13,27,41,22,26,30,41,22,31,6,19,18,26,6,19,42,33,23,22,30,27,27,25,27,25,28,27,26,33,30,30,32,30,33,32,120,96,114,86,86,120,87,65,120,62,25,26,25,24,24,24,24,31,24,62,32,55,32,51,28,41,28,41,28,36,41,28,41,39,68,28,
ArrayUtilsTest::testLastIndexOfByteWithStartIndex ,37,50,55,54,54,55,54,49,55,738,49,41,47,77,76,95,75,41,39,55,43,44,44,44,37,44,81,80,77,39,52,80,41,42,44,35,37,36,41,40,40,40,40,39,44,38,33,17,36,33,32,33,23,33,23,47,91,36,34,37,12,7,33,38,31,37,30,38,33,29,18,13,30,24,18,13,39,41,47,42,92,522,36,34,38,13,0,34,31,34,38,25,48,34,25,19,6,31,20,19,6,38,38,33,33,40,39,39,37,39,37,38,34,33,38,38,38,38,38,39,41,118,93,112,84,84,118,85,64,118,60,36,36,35,35,36,36,36,41,31,60,34,57,33,50,34,43,34,43,34,48,43,34,43,40,68,38,
ArrayUtilsTest::testLastIndexOfChar ,46,58,55,55,58,59,55,47,59,740,47,41,45,90,90,82,83,48,47,41,46,49,48,46,36,48,90,90,84,38,59,90,40,38,42,37,40,38,34,40,40,39,40,39,44,36,38,30,6,33,33,33,30,33,30,46,98,37,39,44,28,34,1,16,33,37,36,43,33,38,28,34,29,31,28,34,46,40,46,42,100,534,35,39,44,27,34,0,16,32,36,37,46,32,38,27,34,28,32,27,34,46,41,38,36,28,38,38,37,38,37,40,38,39,32,39,39,38,39,38,44,104,108,117,91,91,117,91,67,117,68,37,30,33,36,36,36,36,39,36,71,32,53,33,50,37,46,37,47,37,46,47,37,47,42,70,40,
ArrayUtilsTest::testLastIndexOfCharWithStartIndex ,51,65,59,57,60,65,57,61,65,732,61,54,59,88,87,76,81,53,52,43,52,54,52,53,48,52,88,87,82,52,58,87,53,51,56,49,52,51,47,53,53,52,53,52,57,50,51,44,20,47,46,47,44,47,44,59,98,47,50,51,41,36,15,7,45,50,43,50,46,43,41,36,43,38,41,36,48,53,59,56,100,528,47,50,50,41,31,16,0,47,51,37,55,47,37,41,31,44,32,41,31,46,51,51,49,40,51,51,49,51,49,53,51,52,44,52,52,51,52,51,56,99,106,113,89,89,113,89,68,113,67,49,43,47,49,49,49,49,52,47,72,43,53,42,51,47,52,47,52,47,60,51,47,52,49,70,52,
ArrayUtilsTest::testLastIndexOfDouble ,39,56,56,41,51,56,49,36,56,753,36,30,34,89,87,104,73,45,44,59,34,45,44,42,29,44,88,88,83,28,57,88,30,31,32,29,29,27,30,26,29,29,29,28,33,31,31,25,36,10,11,23,25,21,25,34,96,30,26,39,23,34,33,47,3,6,12,21,17,30,23,34,18,29,23,34,46,30,34,31,98,534,30,26,38,22,34,32,47,0,5,14,25,16,30,22,34,17,30,22,34,45,35,29,26,33,23,29,28,29,28,30,32,32,34,27,31,32,32,33,33,125,107,123,85,91,123,91,63,123,67,26,30,28,23,25,25,25,33,30,69,39,63,36,55,29,40,30,43,30,35,43,30,43,43,69,28,
ArrayUtilsTest::testLastIndexOfDoubleTolerance ,40,57,57,42,52,57,50,36,57,753,36,30,34,89,88,105,74,46,45,58,34,45,45,42,29,45,87,89,83,29,57,89,31,32,32,31,30,28,31,27,30,30,30,29,34,32,33,28,38,13,11,25,28,23,28,34,96,32,29,40,27,38,37,50,8,1,14,18,21,31,27,38,22,32,27,38,48,31,34,32,99,534,32,29,38,26,38,36,51,5,0,17,23,20,32,26,38,21,34,26,38,47,36,29,27,34,23,29,28,29,28,29,30,31,33,25,28,31,29,32,32,125,107,123,86,92,123,92,64,123,67,28,33,30,25,26,26,26,36,31,69,39,63,36,54,29,40,29,42,29,35,42,29,42,43,69,29,
ArrayUtilsTest::testLastIndexOfDoubleWithStartIndex ,44,57,56,45,56,57,54,48,57,748,48,41,46,84,83,99,71,44,45,56,37,46,45,42,34,45,86,83,80,39,55,83,40,41,43,36,39,38,40,37,40,40,40,39,44,38,37,32,39,22,22,34,32,33,32,46,95,37,33,36,29,31,36,43,12,16,6,20,28,24,29,31,30,26,29,31,42,40,46,43,99,527,37,33,36,30,25,37,37,14,17,0,27,29,17,30,25,31,20,30,25,40,42,38,35,40,33,38,36,38,36,39,39,39,39,33,38,39,39,39,42,120,102,120,82,87,120,87,66,120,64,36,38,36,33,35,35,35,41,34,69,42,63,40,54,32,43,36,44,36,47,44,36,44,46,70,38,
ArrayUtilsTest::testLastIndexOfDoubleWithStartIndexTolerance ,45,56,54,42,54,56,52,59,56,743,59,50,57,82,81,98,68,50,50,60,42,52,50,50,45,50,82,82,78,49,56,82,51,50,54,47,49,48,49,48,51,49,51,50,55,47,47,44,49,33,32,45,44,44,44,56,91,49,43,45,42,46,46,55,25,23,24,20,40,39,42,46,42,41,42,46,53,51,56,52,93,524,49,43,45,41,48,46,55,25,23,27,0,39,42,41,48,41,45,41,48,53,45,48,48,50,45,51,49,51,49,48,45,44,45,39,45,45,45,46,51,118,100,118,79,87,118,87,68,118,64,45,49,45,43,46,46,46,49,46,67,50,64,47,57,42,44,44,49,44,58,49,44,49,50,69,47,
ArrayUtilsTest::testLastIndexOfFloat ,40,56,56,50,43,56,47,38,56,753,38,32,36,88,87,104,81,45,44,59,42,36,44,42,30,44,78,88,79,29,57,88,32,33,34,29,31,29,32,31,28,31,30,30,35,32,30,25,36,23,23,10,25,23,25,36,96,32,26,39,23,34,33,47,18,21,27,35,1,14,23,34,20,30,23,34,46,32,36,33,98,532,31,26,38,22,34,32,47,16,20,29,39,0,14,22,34,19,31,22,34,44,35,30,28,32,30,24,29,29,29,31,33,33,35,31,28,33,31,34,35,124,106,121,90,85,121,88,64,121,68,27,29,28,25,24,26,25,33,30,68,40,62,36,54,31,42,29,40,31,37,43,30,42,43,68,30,
ArrayUtilsTest::testLastIndexOfFloatWithStartIndex ,45,57,56,54,47,57,53,50,57,747,50,43,48,84,83,99,79,45,45,56,43,40,45,41,36,45,76,83,77,40,55,83,42,43,45,37,41,40,42,42,39,42,41,41,46,39,38,33,39,35,34,22,33,35,33,48,95,38,35,36,30,32,37,43,28,31,23,34,13,7,30,32,32,28,30,32,42,42,48,45,98,525,37,35,36,31,25,38,37,30,32,17,42,14,0,31,25,33,22,31,25,41,42,39,37,42,39,34,37,39,37,41,39,40,40,40,35,40,39,40,44,120,102,117,88,83,117,86,66,117,64,36,38,37,35,35,36,34,41,34,68,42,62,39,53,36,43,32,43,36,49,44,36,42,45,69,40,
ArrayUtilsTest::testLastIndexOfInt ,37,51,51,50,53,45,51,37,51,749,37,30,35,84,83,99,76,42,41,56,40,43,36,41,28,41,83,78,78,28,54,83,30,31,33,26,29,29,31,30,30,27,30,29,33,29,28,12,31,23,22,23,6,23,12,35,91,30,29,38,7,20,27,41,21,26,28,36,22,30,1,14,18,24,7,20,45,30,35,31,92,527,30,29,39,6,19,27,41,22,26,30,41,22,31,0,13,18,26,6,19,42,33,26,26,30,27,27,21,27,25,28,30,30,33,30,30,28,30,33,32,120,101,120,86,86,114,87,65,120,62,25,27,25,24,24,22,24,31,27,65,36,61,32,51,28,41,28,41,25,36,39,28,41,39,68,28,
ArrayUtilsTest::testLastIndexOfIntWithStartIndex ,41,55,55,54,54,50,54,49,55,742,49,41,47,80,80,95,75,45,44,55,43,44,39,44,37,44,81,76,77,39,52,80,41,42,44,35,39,39,41,40,40,37,40,39,44,38,36,23,36,33,32,33,17,33,23,47,90,36,37,39,18,13,33,38,31,37,30,38,33,29,12,7,30,24,18,13,39,41,47,42,92,520,36,37,41,19,6,34,31,34,38,25,48,34,25,13,0,31,20,19,6,38,38,36,37,40,39,39,33,39,37,38,37,37,38,38,38,35,38,39,41,118,98,118,84,84,112,85,64,118,60,36,36,35,35,36,34,36,41,34,64,37,61,33,50,34,43,34,43,30,48,40,34,43,40,68,38,
ArrayUtilsTest::testLastIndexOfLong ,41,57,58,51,53,57,43,31,55,757,31,25,29,89,89,105,82,46,44,60,43,46,44,36,26,44,88,87,76,23,57,86,25,26,27,26,24,23,25,24,24,24,19,23,28,28,27,21,33,17,18,19,21,6,21,30,96,28,29,42,19,31,29,44,20,22,29,37,20,33,19,31,1,13,19,31,47,25,30,26,97,537,26,29,41,18,31,28,44,17,21,31,41,19,33,18,31,0,14,18,31,45,34,24,22,28,24,24,23,19,23,27,31,31,34,29,29,32,25,32,28,127,109,127,93,93,127,87,66,125,68,23,28,26,21,22,22,20,31,27,71,37,63,35,56,29,43,29,43,29,30,43,25,38,41,69,27,
ArrayUtilsTest::testLastIndexOfLongWithStartIndex ,44,57,57,53,56,58,47,43,55,750,43,36,41,85,84,100,79,45,44,57,42,46,45,37,31,44,86,84,74,34,55,82,35,36,38,32,34,34,36,35,35,35,30,34,39,33,33,28,34,29,28,30,28,18,28,41,97,31,35,40,25,26,31,39,28,33,26,38,30,28,25,26,13,7,25,26,41,35,41,38,98,530,31,35,40,26,20,32,32,30,34,20,45,31,22,26,20,14,0,26,20,38,38,33,31,36,33,33,31,29,31,36,35,36,35,35,35,35,31,35,38,121,103,121,87,87,121,82,67,119,65,33,35,34,31,32,32,31,38,29,69,38,63,35,54,32,44,32,44,32,42,44,28,40,41,69,34,
ArrayUtilsTest::testLastIndexOfShort ,37,51,51,50,53,51,51,37,45,749,37,30,35,84,83,99,76,42,41,56,40,43,41,41,28,36,83,83,78,28,54,78,30,31,33,26,29,29,31,30,30,30,30,26,33,29,28,12,31,23,22,23,12,23,6,35,92,30,29,38,7,20,27,41,21,26,28,36,22,30,7,20,18,24,1,14,45,30,35,31,93,527,30,29,39,6,19,27,41,22,26,30,41,22,31,6,19,18,26,0,13,42,33,26,26,30,27,27,25,27,21,28,30,30,33,30,30,32,30,29,32,120,101,120,86,86,120,87,65,114,62,25,27,25,24,24,24,24,30,27,65,36,61,32,51,28,41,28,41,28,36,41,28,41,36,62,28,
ArrayUtilsTest::testLastIndexOfShortWithStartIndex ,41,55,55,54,54,55,54,49,50,742,49,41,47,80,80,95,75,45,44,55,43,44,44,44,37,39,81,80,77,39,52,76,41,42,44,35,39,39,41,40,40,40,40,36,44,38,36,23,36,33,32,33,23,33,17,47,91,36,37,39,18,13,33,38,31,37,30,38,33,29,18,13,30,24,12,7,39,41,47,42,93,521,36,37,41,19,6,34,31,34,38,25,48,34,25,19,6,31,20,13,0,38,38,36,37,40,39,39,37,39,33,38,37,37,38,38,38,38,38,36,41,118,98,118,84,84,118,85,64,112,60,36,36,35,35,36,36,36,40,34,64,37,61,33,50,34,43,34,43,34,48,43,34,43,37,64,38,
ArrayUtilsTest::testLastIndexOfWithStartIndex ,49,59,59,54,56,60,54,52,60,738,52,43,49,86,83,98,79,51,49,59,50,52,50,50,40,50,85,85,80,40,49,85,43,44,46,40,47,47,48,48,47,46,48,46,48,26,45,44,47,46,47,46,44,46,44,50,95,20,43,44,43,39,47,48,44,47,42,49,45,42,43,39,44,39,43,39,16,43,50,45,98,523,21,43,44,42,38,46,46,45,47,40,53,44,41,42,38,45,38,42,38,0,38,41,41,44,43,42,42,42,42,42,46,47,47,46,46,46,46,47,48,119,102,120,85,85,120,85,54,120,57,41,45,42,43,43,43,43,45,43,67,46,59,44,51,42,44,42,44,42,50,44,42,44,48,67,40,
ArrayUtilsTest::testReverse ,41,53,52,46,48,53,46,44,53,743,44,30,43,80,80,96,74,44,42,56,40,43,42,41,22,42,78,80,75,32,40,80,32,33,37,24,36,37,38,37,37,38,38,36,37,26,34,33,41,36,36,35,33,36,33,42,89,25,36,40,33,39,41,53,34,36,41,46,34,43,33,39,33,38,33,39,40,32,42,36,94,521,26,36,40,33,38,41,51,35,36,42,45,35,42,33,38,34,38,33,38,38,0,31,33,36,33,32,31,32,31,29,35,38,38,34,34,38,36,38,38,118,99,118,82,82,118,82,54,118,51,27,35,33,30,31,31,31,36,28,53,37,55,31,47,30,37,29,38,30,42,37,30,38,39,61,28,
ArrayUtilsTest::testReverseBoolean ,34,56,58,52,55,59,52,26,59,756,26,18,25,81,81,101,79,40,41,60,42,46,44,42,23,44,84,84,79,17,52,84,19,21,22,24,17,19,21,20,20,21,21,20,20,26,20,21,37,24,22,25,24,24,24,24,92,27,22,35,23,35,37,53,29,29,38,44,29,41,26,38,23,34,26,38,44,19,24,19,93,535,26,23,35,23,33,38,51,29,29,38,48,30,39,26,36,24,33,26,36,41,31,0,7,19,13,13,13,13,13,18,23,25,29,23,23,27,25,28,20,129,105,126,93,93,129,93,69,129,63,21,30,26,23,23,23,23,33,18,63,32,60,32,53,27,41,27,41,27,24,40,27,41,39,69,21,
ArrayUtilsTest::testReverseByte ,39,55,59,53,55,59,53,26,59,757,26,21,25,85,84,104,80,43,42,60,41,46,45,42,24,45,86,88,82,19,55,88,19,21,22,27,20,19,23,22,21,22,22,21,22,26,24,23,38,23,23,24,27,23,27,24,96,28,27,40,23,34,36,51,28,27,36,42,28,40,27,38,22,33,27,38,42,19,24,21,98,536,26,27,39,22,33,36,49,26,27,35,48,28,37,26,37,22,31,26,37,41,33,7,0,19,13,13,13,13,13,24,28,28,33,28,27,30,29,31,25,127,106,124,91,91,127,91,68,127,66,23,28,27,22,23,23,23,32,21,67,31,60,33,55,27,41,27,42,27,24,42,27,42,39,70,25,
ArrayUtilsTest::testReverseChar ,43,61,58,57,58,61,57,32,61,754,32,26,31,90,90,95,84,48,47,52,44,48,47,44,28,47,89,90,84,24,57,90,24,23,27,29,27,27,22,28,28,27,28,28,28,29,29,30,28,28,29,28,30,28,30,30,99,31,33,45,30,41,28,42,33,34,40,46,32,44,30,41,28,37,30,41,46,24,30,27,100,538,29,33,46,30,40,28,40,33,34,40,50,32,42,30,40,28,36,30,40,44,36,19,19,0,19,19,19,19,19,27,32,33,28,31,30,33,32,32,29,120,112,126,94,94,126,94,69,126,67,27,27,27,28,28,28,28,34,28,72,31,60,30,50,30,46,30,46,30,30,46,30,46,40,70,28,
ArrayUtilsTest::testReverseDouble ,42,61,61,49,56,61,53,23,61,760,23,19,22,90,90,106,80,48,47,61,40,47,47,44,25,47,90,90,84,17,58,90,16,20,19,26,18,19,20,16,19,20,20,19,19,26,27,27,39,18,17,25,27,24,27,21,99,28,30,43,27,40,37,54,24,23,32,40,30,42,27,40,24,35,27,40,45,16,21,18,100,541,26,30,43,27,39,38,51,23,23,33,45,30,39,27,39,24,33,27,39,43,33,13,13,19,0,10,13,11,13,23,30,31,34,24,27,31,30,32,25,132,114,130,93,96,130,96,71,130,68,22,30,27,22,23,23,23,33,25,72,36,65,33,56,22,39,26,43,26,21,43,26,43,40,71,24,
ArrayUtilsTest::testReverseFloat ,42,61,61,54,52,61,53,23,61,762,23,19,22,90,90,106,84,48,47,61,44,43,47,43,25,47,86,90,82,17,57,90,16,20,19,25,18,19,20,19,16,20,20,19,19,25,27,27,39,24,22,20,27,24,27,21,100,27,30,43,27,40,37,54,30,29,39,45,24,35,27,40,24,35,27,40,44,16,21,18,101,541,25,30,43,27,39,38,51,29,29,38,51,24,34,27,39,24,33,27,39,42,32,13,13,19,10,0,13,11,13,23,30,31,34,28,23,32,30,33,25,132,114,131,96,93,131,95,70,131,68,21,29,26,22,22,22,21,32,25,71,36,64,32,54,26,42,22,39,26,21,42,26,42,40,70,24,
ArrayUtilsTest::testReverseInt ,41,57,57,52,55,53,52,26,57,757,26,20,25,87,86,102,81,44,42,59,41,44,39,40,24,42,86,82,81,16,55,86,19,21,22,27,20,20,22,22,21,19,22,21,21,26,25,26,37,22,22,24,22,22,26,24,95,29,28,41,25,38,36,52,29,28,37,43,29,40,21,34,23,33,25,38,44,19,24,20,96,536,27,28,40,25,37,37,49,28,28,36,49,29,37,21,33,23,31,25,37,42,31,13,13,19,13,13,0,13,7,23,29,30,33,28,27,27,29,32,25,127,109,126,91,91,123,91,68,126,64,22,29,26,22,22,21,22,32,21,67,33,62,31,53,25,40,25,40,22,24,38,25,40,37,68,25,
ArrayUtilsTest::testReverseLong ,42,62,62,54,56,61,48,22,62,760,22,19,21,90,90,106,84,48,47,61,44,47,45,38,26,47,90,89,78,17,58,90,15,18,18,27,17,18,19,18,18,18,15,18,18,26,27,27,39,23,22,25,27,19,27,20,99,28,29,43,27,40,37,54,28,29,39,45,28,42,27,40,19,30,27,40,45,15,20,18,98,541,27,30,43,27,39,38,51,29,29,38,51,29,39,27,39,19,29,27,39,42,32,13,13,19,11,11,13,0,13,23,30,31,34,28,27,31,26,33,25,133,115,131,97,97,130,93,72,131,68,22,30,27,23,23,23,22,33,25,72,36,65,33,56,27,43,27,43,27,20,43,23,39,40,71,23,
ArrayUtilsTest::testReverseShort ,41,57,57,52,55,57,52,26,53,757,26,20,25,87,86,102,81,44,42,59,41,44,42,41,24,39,86,86,81,16,55,82,19,21,22,27,20,20,22,22,21,22,22,18,21,26,25,26,37,22,22,24,26,22,22,24,96,29,28,41,25,38,36,52,29,28,37,43,29,40,25,38,23,33,21,34,44,19,24,20,97,535,27,28,40,25,37,37,49,28,28,36,49,29,37,25,37,23,31,21,33,42,31,13,13,19,13,13,7,13,0,23,29,30,33,28,27,31,29,28,25,127,109,127,91,91,127,91,68,123,64,22,29,26,22,22,22,22,31,21,67,33,62,31,53,25,40,25,40,25,24,40,25,40,34,65,25,
ArrayUtilsTest::testSameLength ,35,56,55,52,55,56,52,29,56,750,29,18,27,78,82,98,76,37,39,56,38,42,39,38,16,39,82,82,76,20,45,82,20,21,22,18,21,22,22,22,22,23,23,22,23,22,21,26,36,24,21,26,26,24,26,27,84,24,25,33,27,39,39,55,30,28,39,41,30,43,27,39,26,36,27,39,44,20,27,20,87,530,25,25,36,28,38,40,53,30,29,39,48,31,41,28,38,27,36,28,38,42,29,18,24,27,23,23,23,23,23,0,12,13,15,9,9,13,11,14,15,127,101,127,91,91,127,91,63,127,56,18,30,25,23,23,23,23,32,24,60,36,61,32,50,27,40,27,40,27,28,38,27,40,40,68,13,
ArrayUtilsTest::testSameLengthBoolean ,24,48,51,50,53,51,50,38,51,741,38,26,36,68,74,94,74,27,32,54,37,41,35,37,28,35,78,77,74,28,50,77,31,32,33,25,24,27,30,29,29,29,29,28,32,30,20,23,34,29,27,29,26,29,26,36,77,32,21,29,26,35,38,53,32,29,38,40,32,41,29,38,30,36,29,38,49,31,36,30,80,521,33,21,29,27,34,38,51,32,30,39,45,33,39,30,37,31,35,30,37,46,35,23,28,32,30,30,29,30,29,12,0,7,12,9,9,10,9,11,22,123,92,120,87,87,123,87,67,123,57,25,34,29,29,29,29,29,34,25,56,37,60,34,50,29,41,29,41,29,37,39,29,41,41,68,23,
ArrayUtilsTest::testSameLengthByte ,31,48,54,50,53,54,50,39,54,742,39,29,37,74,74,94,76,34,34,53,38,41,39,38,29,39,80,80,76,30,53,80,32,32,34,27,28,25,30,30,30,29,30,30,33,31,25,23,35,28,28,28,27,28,27,37,82,32,26,33,26,34,38,53,32,30,39,40,32,42,30,38,30,36,30,38,49,32,37,31,85,520,34,26,34,26,33,39,52,32,31,39,44,33,40,30,37,31,36,30,37,47,38,25,28,33,31,31,30,31,30,13,7,0,11,10,10,9,10,10,25,123,97,117,89,89,123,89,67,123,60,26,32,30,30,30,30,30,35,29,62,35,58,34,50,30,41,30,41,30,38,41,30,41,41,68,24,
ArrayUtilsTest::testSameLengthChar ,35,56,51,52,55,56,52,41,56,740,41,31,39,78,79,86,77,37,40,46,39,42,40,39,30,40,82,79,77,32,51,79,34,33,36,30,31,31,27,32,32,31,32,32,35,33,28,30,28,31,30,31,30,31,30,39,81,34,30,36,32,40,32,45,34,32,38,39,34,41,32,40,33,35,32,40,48,34,39,33,84,522,36,30,37,33,38,32,44,34,33,39,45,35,40,33,38,34,35,33,38,47,38,29,33,28,34,34,33,34,33,15,12,11,0,12,12,11,12,10,27,116,101,122,90,90,122,90,67,122,58,29,33,31,32,32,32,32,36,32,63,35,59,33,49,32,43,32,43,32,40,42,32,43,41,68,26,
ArrayUtilsTest::testSameLengthDouble ,33,54,54,44,53,54,50,35,54,747,35,25,33,76,79,95,67,36,38,54,32,41,38,37,25,38,79,79,73,27,50,79,28,29,30,25,25,26,27,23,26,27,27,26,29,28,24,27,35,23,22,28,27,27,27,33,82,30,25,33,30,39,38,54,27,24,33,35,30,41,30,39,28,36,30,39,48,28,33,27,84,524,30,25,36,30,38,39,52,27,25,33,39,31,40,30,38,29,35,30,38,46,34,23,28,31,24,28,28,28,28,9,9,10,12,0,6,10,8,11,21,125,101,125,83,89,125,89,67,125,59,24,33,28,26,27,27,27,34,28,62,38,63,34,51,27,38,29,42,29,34,41,29,42,41,69,21,
ArrayUtilsTest::testSameLengthFloat ,33,54,54,50,47,54,50,35,54,745,35,25,33,76,79,95,73,36,38,54,37,36,38,37,25,38,73,79,73,26,50,79,28,29,30,24,25,26,27,26,23,27,27,26,29,28,23,27,35,27,25,24,27,27,27,33,82,30,25,33,30,39,38,54,31,27,38,39,27,36,30,39,28,35,30,39,48,28,33,27,84,524,30,25,36,30,38,39,52,31,28,38,45,28,35,30,38,29,35,30,38,46,34,23,27,30,27,23,27,27,27,9,9,10,12,6,0,10,8,11,21,125,100,125,89,83,125,89,67,125,59,23,32,28,26,25,26,26,34,27,60,37,62,33,50,28,40,26,37,28,34,39,28,40,40,68,21,
ArrayUtilsTest::testSameLengthInt ,33,54,54,49,52,49,48,39,54,743,39,29,37,76,80,94,76,36,39,53,38,41,34,37,29,39,80,74,75,30,53,80,32,32,34,28,29,29,30,30,30,25,30,29,33,31,27,28,34,29,28,29,25,27,28,37,78,32,28,35,31,39,37,52,32,30,38,40,32,41,28,36,31,34,31,39,48,32,37,31,82,521,33,28,36,32,38,38,51,32,31,39,45,33,40,28,35,32,35,32,38,46,38,27,30,33,31,32,27,31,31,13,10,9,11,10,10,0,10,9,25,123,100,122,89,89,117,89,68,122,60,27,34,30,30,30,29,30,36,32,63,37,62,34,51,30,42,30,42,29,38,39,30,41,41,69,24,
ArrayUtilsTest::testSameLengthLong ,33,54,54,50,52,54,44,37,54,744,37,27,35,76,79,95,74,36,38,54,37,41,38,32,27,38,79,79,68,29,51,79,30,31,32,27,27,28,29,28,28,28,25,28,31,30,26,27,35,28,26,28,27,23,27,35,81,31,27,35,30,39,38,54,32,28,38,40,30,41,30,39,24,31,30,39,49,30,35,29,82,524,32,27,36,30,38,39,52,32,29,39,45,31,39,30,38,25,31,30,38,46,36,25,29,32,30,30,29,26,29,11,9,10,12,8,8,10,0,11,23,125,101,125,90,90,125,84,68,125,60,26,34,29,29,29,29,28,35,30,63,38,63,34,51,29,42,29,42,29,36,41,28,39,41,69,22,
ArrayUtilsTest::testSameLengthShort ,34,55,55,51,54,55,50,40,50,742,40,30,38,77,80,93,76,37,40,52,39,42,40,39,29,35,81,80,77,31,52,75,33,32,35,29,30,30,29,31,31,29,31,28,34,31,28,30,34,30,29,31,30,30,26,38,79,32,29,36,32,40,37,52,33,31,38,39,33,41,32,40,31,35,28,37,49,33,38,32,82,520,34,29,37,33,39,38,51,33,32,39,46,34,40,33,39,32,35,29,36,47,38,28,31,32,32,33,32,33,28,14,11,10,10,11,11,9,11,0,26,123,101,122,89,89,123,89,68,117,60,28,33,31,31,31,31,31,35,32,63,36,61,34,51,31,43,31,43,31,39,42,31,43,39,65,25,
ArrayUtilsTest::testSameType ,41,62,62,56,59,62,56,28,62,754,28,22,25,82,89,105,83,45,49,63,45,49,49,45,27,49,89,89,83,24,55,89,24,25,26,24,21,22,23,22,22,23,23,22,24,30,28,31,42,27,26,29,31,27,31,26,85,33,31,40,31,42,43,58,34,31,42,45,34,46,31,42,27,39,31,42,50,24,26,23,90,537,33,32,44,32,41,44,56,33,32,42,51,35,44,32,41,28,38,32,41,48,38,20,25,29,25,25,25,25,25,15,22,25,27,21,21,25,23,26,0,134,109,134,98,98,134,98,73,134,66,23,34,29,25,25,25,25,37,29,68,41,68,36,55,31,47,31,47,31,26,47,31,47,45,74,23,
ArrayUtilsTest::testSubarrChar ,116,107,94,110,110,107,110,144,107,674,144,131,142,112,111,79,112,118,115,94,121,120,115,122,123,115,112,111,114,128,114,111,135,134,139,123,132,132,129,134,134,134,135,133,138,123,122,120,104,125,126,124,120,126,120,141,118,124,123,119,120,117,104,98,123,124,120,117,123,120,120,117,127,122,120,117,116,135,141,136,117,493,125,123,118,120,118,104,99,125,125,120,118,124,120,120,118,127,121,120,118,119,118,129,127,120,132,132,127,133,127,127,123,123,116,125,125,123,125,123,134,0,58,40,58,58,40,58,102,40,113,123,120,117,125,125,125,125,124,122,108,115,103,114,103,120,114,120,114,120,143,114,120,114,121,117,127,
ArrayUtilsTest::testSubarrayBoolean ,80,75,84,92,91,85,92,126,85,678,126,111,124,70,75,103,94,80,85,100,102,101,92,102,103,92,94,87,95,109,92,87,117,117,121,103,112,113,116,116,116,117,117,115,120,104,92,96,108,107,108,106,101,108,101,123,95,106,93,89,96,93,108,105,105,106,102,100,105,103,101,98,109,105,101,98,100,117,123,118,94,475,107,94,89,96,93,108,106,107,107,102,100,106,102,101,98,109,103,101,98,102,99,105,106,112,114,114,109,115,109,101,92,97,101,101,100,100,101,101,109,58,0,40,40,40,58,40,88,58,95,101,106,103,106,106,106,106,106,99,74,104,96,101,93,102,94,102,94,102,125,93,102,94,104,101,106,
ArrayUtilsTest::testSubarrayByte ,108,94,107,108,107,107,108,144,107,694,144,131,142,100,95,99,112,111,105,108,120,117,115,120,124,115,109,111,111,128,116,111,135,134,139,123,131,129,132,134,134,132,134,133,138,123,118,114,117,125,124,120,120,124,120,141,117,124,119,116,114,112,117,112,122,123,118,117,120,118,120,117,126,123,120,117,118,135,141,136,118,490,125,120,116,114,112,117,113,123,123,120,118,121,117,120,118,127,121,120,118,120,118,126,124,126,130,131,126,131,127,127,120,117,122,125,125,122,125,122,134,40,40,0,58,58,22,58,101,22,117,122,115,122,126,126,125,125,125,120,99,112,95,119,111,121,114,121,114,121,143,114,121,114,122,117,127,
ArrayUtilsTest::testSubarrayDouble ,83,79,78,63,82,79,80,108,79,708,108,95,106,87,88,95,73,83,81,85,76,87,81,88,88,81,88,88,88,92,82,88,99,99,103,87,96,97,98,96,98,99,99,97,102,88,88,86,91,86,86,91,86,91,86,105,95,89,88,86,86,84,91,89,84,86,81,81,90,89,86,84,92,89,86,84,83,99,105,100,93,487,90,88,86,86,84,91,89,85,86,82,79,90,88,86,84,93,87,86,84,85,82,93,91,94,93,96,91,97,91,91,87,89,90,83,89,89,90,89,98,58,40,58,0,22,58,22,75,58,85,87,92,87,85,90,90,90,90,87,78,90,90,87,83,82,71,86,79,86,107,79,86,79,89,90,91,
ArrayUtilsTest::testSubarrayFloat ,83,79,78,80,65,79,80,108,79,705,108,95,106,87,88,95,86,83,81,85,87,77,81,88,88,81,75,88,88,92,81,88,99,99,103,87,96,97,98,98,96,99,99,97,102,88,88,85,91,91,92,86,85,91,85,105,95,89,88,86,86,84,91,89,89,91,87,86,85,83,86,84,92,89,86,84,83,99,105,100,93,486,90,88,86,86,84,91,89,91,92,87,87,85,83,86,84,93,87,86,84,85,82,93,91,94,96,93,91,97,91,91,87,89,90,89,83,89,90,89,98,58,40,58,22,0,58,22,75,58,85,87,91,87,89,85,90,90,90,87,77,89,89,86,83,86,79,82,71,86,107,79,86,79,88,89,91,
ArrayUtilsTest::testSubarrayInt ,116,107,107,108,107,94,108,144,107,694,144,131,142,112,111,99,112,118,115,108,120,117,105,119,124,115,109,95,111,128,116,111,135,134,139,123,132,132,132,134,134,131,133,133,138,123,122,120,117,125,124,120,114,124,120,141,118,124,123,121,120,117,117,112,122,123,118,117,120,118,114,112,126,122,120,117,118,135,141,136,118,489,125,124,120,120,118,117,113,123,123,120,118,121,117,114,112,127,121,120,118,120,118,129,127,126,130,131,123,130,127,127,123,123,122,125,125,117,125,123,134,40,58,22,58,58,0,58,102,22,117,123,120,122,126,126,121,125,125,123,108,116,103,119,111,121,114,121,114,117,143,106,121,114,122,117,127,
ArrayUtilsTest::testSubarrayLong ,83,79,78,80,82,79,63,108,79,701,108,95,106,87,88,95,86,83,81,85,87,87,81,77,88,81,88,88,74,92,82,88,99,99,103,87,96,97,98,98,98,99,96,97,102,88,88,86,91,91,92,90,86,86,86,105,95,89,88,86,87,85,91,89,89,91,87,87,88,87,87,85,87,83,87,85,83,99,105,100,91,486,90,88,86,87,85,91,89,91,92,87,87,88,86,87,85,87,82,87,85,85,82,93,91,94,96,95,91,93,91,91,87,89,90,89,89,89,84,89,98,58,40,58,22,22,58,0,76,58,85,87,92,87,90,90,90,85,90,87,78,90,90,87,83,86,79,86,79,86,107,79,82,71,89,90,91,
ArrayUtilsTest::testSubarrayObject ,62,65,64,63,66,65,66,80,65,715,80,66,78,82,80,94,78,62,60,64,62,64,61,66,56,61,83,82,80,64,56,82,70,70,73,64,71,71,72,72,72,72,73,71,73,55,64,64,67,63,64,63,65,64,65,77,88,55,64,64,66,63,67,68,65,65,65,66,64,65,66,63,67,68,66,63,55,70,77,72,93,498,56,64,63,65,64,67,68,63,64,66,68,64,66,65,64,66,67,65,64,54,54,69,68,69,71,70,68,72,68,63,67,67,67,67,67,68,68,68,73,102,88,101,75,75,102,76,0,102,57,63,64,63,60,61,62,62,66,59,61,61,64,57,60,55,57,56,58,56,79,58,56,58,61,70,61,
ArrayUtilsTest::testSubarrayShort ,116,107,107,108,107,107,108,144,94,683,144,131,142,112,111,99,112,118,115,108,120,117,115,120,124,105,109,111,111,128,116,95,135,134,139,123,132,132,132,134,134,133,133,130,138,123,122,120,117,125,124,120,120,124,114,141,117,124,123,121,120,117,117,112,122,123,118,117,120,118,120,117,125,120,114,112,118,135,141,136,118,488,125,124,120,120,118,117,113,123,123,120,118,121,117,120,118,125,119,114,112,120,118,129,127,126,130,131,126,131,123,127,123,123,122,125,125,122,125,117,134,40,58,22,58,58,22,58,102,0,117,123,120,122,126,126,125,125,121,123,108,116,103,119,111,121,114,121,114,121,143,114,121,114,118,109,127,
ArrayUtilsTest::testToMap ,56,60,55,61,62,60,61,78,60,717,78,59,75,70,72,83,68,56,58,62,60,61,58,60,48,58,74,72,68,62,38,72,68,68,71,56,66,68,68,69,69,69,69,68,72,55,56,59,65,64,65,64,59,64,59,76,80,58,57,56,62,61,67,68,67,67,64,63,67,65,62,61,67,66,62,61,57,68,76,68,85,486,60,57,55,62,60,68,67,67,67,64,64,68,64,62,60,68,65,62,60,57,51,63,66,67,68,68,64,68,64,56,57,60,58,59,59,60,60,60,66,113,95,117,85,85,117,85,57,117,0,58,63,56,59,59,59,59,60,52,55,56,60,49,48,50,46,50,46,50,76,45,50,46,52,59,53,
ArrayUtilsTest::testToObject_boolean ,28,49,52,47,48,52,47,30,52,750,30,18,27,78,78,99,77,34,35,55,38,40,38,38,19,38,82,81,77,18,48,81,21,22,24,18,16,19,21,21,20,21,21,20,24,23,20,24,35,22,23,23,25,22,25,28,88,25,22,34,25,37,36,52,27,27,36,41,27,39,25,37,23,34,25,37,44,21,28,21,91,530,24,22,32,25,36,37,49,26,28,36,45,27,36,25,36,23,33,25,36,41,27,21,23,27,22,21,22,22,22,18,25,26,29,24,23,27,26,28,23,123,101,122,87,87,123,87,63,123,58,0,14,15,11,11,11,11,20,22,55,32,51,29,44,23,31,22,31,23,28,31,23,31,36,59,17,
ArrayUtilsTest::testToObject_byte ,37,52,57,52,54,57,52,39,57,753,39,29,36,84,82,96,81,43,40,50,42,45,44,42,28,44,86,87,81,27,53,87,30,29,33,25,29,27,29,31,30,29,31,31,35,30,28,27,30,28,29,27,27,28,27,37,93,31,30,40,26,37,30,45,31,33,38,45,29,40,27,37,28,36,27,37,45,30,37,33,96,530,30,30,39,26,36,30,43,30,33,38,49,29,38,27,36,28,35,27,36,45,35,30,28,27,30,29,29,30,29,30,34,32,33,33,32,34,34,33,34,120,106,115,92,91,120,92,64,120,63,14,0,16,17,17,17,17,18,28,64,21,38,32,45,30,38,29,38,30,37,38,30,38,36,58,28,
ArrayUtilsTest::testToObject_char ,37,52,47,46,48,52,46,36,52,747,36,26,33,81,81,92,76,41,41,47,38,40,41,38,24,41,81,81,76,24,47,81,26,25,29,20,27,26,25,28,27,27,28,28,32,27,25,26,34,26,26,26,26,26,26,34,91,29,27,37,25,36,33,49,29,30,35,40,28,39,25,36,26,34,25,36,43,26,34,29,94,526,28,27,36,25,35,33,47,28,30,36,45,28,37,25,35,26,34,25,35,42,33,26,27,27,27,26,26,27,26,25,29,30,31,28,28,30,29,31,29,117,103,122,87,87,122,87,63,122,56,15,16,0,11,11,11,11,17,25,60,33,52,23,32,23,32,23,32,23,34,32,23,32,33,56,24,
ArrayUtilsTest::testToObject_double ,36,53,53,41,48,53,46,30,53,751,30,20,27,84,84,100,74,42,42,55,33,41,42,38,22,42,83,84,78,18,49,84,21,22,24,19,21,21,23,19,21,22,22,21,26,25,25,25,37,20,21,22,25,21,25,28,92,27,25,39,24,36,35,52,25,25,34,40,25,38,24,36,21,33,24,36,44,21,28,23,95,530,26,25,38,24,35,36,49,23,25,33,43,25,35,24,35,21,31,24,35,43,30,23,22,28,22,22,22,23,22,23,29,30,32,26,26,30,29,31,25,125,106,126,85,89,126,90,60,126,59,11,17,11,0,5,5,5,17,23,61,33,55,25,43,19,25,20,30,20,28,30,20,30,33,58,21,
ArrayUtilsTest::testToObject_float ,36,53,53,46,44,53,46,30,53,750,30,20,27,84,84,100,78,42,42,55,38,36,42,38,22,42,79,84,78,18,49,84,21,22,24,19,21,21,23,22,19,22,22,22,26,25,24,25,37,22,22,22,25,22,25,28,91,27,25,39,24,37,35,52,27,26,36,41,24,37,24,37,22,34,24,37,45,21,28,23,94,531,26,25,38,24,36,36,49,25,26,35,46,24,35,24,36,22,32,24,36,43,31,23,23,28,23,22,22,23,22,23,29,30,32,27,25,30,29,31,25,125,106,126,90,85,126,90,61,126,59,11,17,11,5,0,5,5,17,23,60,33,54,25,42,20,29,19,25,20,28,29,20,29,33,57,21,
ArrayUtilsTest::testToObject_int ,36,53,53,46,49,48,45,30,53,751,30,20,27,84,84,100,78,42,42,55,38,41,37,37,22,42,83,79,77,18,49,84,21,22,24,19,21,21,23,22,21,20,21,22,26,25,25,25,37,22,22,23,23,22,25,28,92,27,25,39,24,37,35,52,27,26,36,42,26,39,22,35,22,34,24,37,45,21,28,23,95,533,26,25,38,24,36,36,49,25,26,35,46,26,36,22,34,22,32,24,36,43,31,23,23,28,23,22,21,23,22,23,29,30,32,27,26,29,29,31,25,125,106,125,90,90,121,90,62,125,59,11,17,11,5,5,0,5,17,23,61,33,55,25,43,20,30,20,30,19,28,25,20,30,33,58,21,
ArrayUtilsTest::testToObject_long ,36,53,53,46,48,53,41,30,53,751,30,20,27,84,84,100,78,42,42,55,38,41,42,33,22,42,83,84,74,18,49,84,21,22,24,19,21,21,23,22,21,22,20,22,26,25,25,25,37,22,22,23,25,20,25,28,93,27,25,39,24,37,35,52,27,26,36,42,24,37,24,37,20,32,24,37,45,21,28,23,96,534,26,25,38,24,36,36,49,25,26,35,46,25,34,24,36,20,31,24,36,43,31,23,23,28,23,21,22,22,22,23,29,30,32,27,26,30,28,31,25,125,106,125,90,90,125,85,62,125,59,11,17,11,5,5,5,0,17,23,61,33,55,25,43,20,30,20,30,20,28,30,19,25,33,58,21,
ArrayUtilsTest::testToObject_short ,40,55,55,50,51,55,49,42,50,751,42,31,39,85,84,100,79,43,42,55,42,43,42,42,30,38,84,84,79,30,52,80,33,33,36,27,33,33,34,34,33,34,34,31,38,31,31,32,39,32,32,31,32,32,31,40,93,33,33,40,31,42,39,54,34,36,40,45,33,42,31,42,31,38,30,41,47,33,40,35,95,532,32,33,40,31,41,39,52,33,36,41,49,33,41,31,41,31,38,30,40,45,36,33,32,34,33,32,32,33,31,32,34,35,36,34,34,36,35,35,37,124,106,125,90,90,125,90,66,121,60,20,18,17,17,17,17,17,0,31,63,35,55,34,47,30,38,29,37,30,40,38,30,38,28,41,30,
ArrayUtilsTest::testToPrimitive_boolean ,31,48,50,45,46,51,45,37,51,748,37,24,34,73,74,94,72,32,34,51,35,38,37,35,14,37,78,77,72,26,42,77,27,28,30,24,23,25,28,28,28,28,28,27,31,26,17,25,36,26,26,26,28,26,28,35,86,28,20,30,24,32,36,50,31,31,34,40,30,37,27,35,26,31,27,35,45,27,35,29,90,525,27,21,30,24,31,36,47,30,31,34,46,30,34,27,34,27,29,27,34,43,28,18,21,28,25,25,21,25,21,24,25,29,32,28,27,32,30,32,29,122,99,120,87,87,123,87,59,123,52,22,28,25,23,23,23,23,31,0,49,15,45,16,40,11,29,11,29,11,35,29,11,29,22,54,19,
ArrayUtilsTest::testToPrimitive_boolean_boolean ,45,49,55,60,59,55,60,85,55,706,85,67,82,54,59,83,64,48,51,66,62,61,57,62,54,57,67,65,64,67,48,65,75,75,78,59,70,71,74,75,74,75,75,74,79,61,51,59,69,68,69,68,62,68,62,83,78,63,52,53,61,61,70,72,69,69,69,66,68,69,65,65,70,68,65,65,66,75,83,75,77,482,63,53,51,62,60,71,72,69,69,69,67,68,68,65,64,71,69,65,64,67,53,63,67,72,72,71,67,72,67,60,56,62,63,62,60,63,63,63,68,108,74,99,78,77,108,78,61,108,55,55,64,60,61,60,61,61,63,49,0,57,52,53,47,53,45,53,45,53,83,44,53,45,56,58,58,
ArrayUtilsTest::testToPrimitive_byte ,38,54,55,50,51,56,50,48,56,747,48,37,45,79,78,89,76,41,40,44,41,42,42,41,25,42,81,82,76,37,47,82,38,37,41,36,37,35,37,39,39,38,39,39,43,34,32,32,32,37,37,37,35,37,35,46,91,35,34,41,32,36,32,44,40,39,42,44,40,42,36,39,37,38,36,39,48,38,46,40,95,525,35,35,42,32,34,32,43,39,39,42,50,40,42,36,37,37,38,36,37,46,37,32,31,31,36,36,33,36,33,36,37,35,35,38,37,37,38,36,41,115,104,112,90,89,116,90,61,116,56,32,21,33,33,33,33,33,35,15,57,0,30,17,40,18,36,18,36,18,46,36,18,36,20,52,31,
ArrayUtilsTest::testToPrimitive_byte_byte ,51,51,57,55,54,57,55,77,57,729,77,62,74,77,74,81,77,52,50,52,57,55,56,57,52,56,80,79,77,62,57,79,67,65,70,56,64,62,65,68,67,66,68,67,71,59,53,54,54,63,64,63,59,63,59,75,90,58,55,58,55,57,52,53,63,63,62,62,62,61,61,61,63,62,61,61,57,67,75,68,93,512,59,56,56,55,57,53,53,63,63,63,64,62,62,61,61,63,63,61,61,59,55,60,60,60,65,64,62,65,62,61,60,58,59,63,62,62,63,61,68,103,96,95,90,89,103,90,64,103,60,51,38,52,55,54,55,55,55,45,52,30,0,46,35,48,37,48,37,48,75,36,48,37,48,39,56,
ArrayUtilsTest::testToPrimitive_char ,34,51,47,45,46,51,45,45,51,742,45,34,42,75,75,86,70,39,38,45,37,39,38,37,22,38,75,75,70,33,39,75,35,33,38,30,35,34,33,36,36,35,36,36,40,31,31,32,33,34,34,34,32,34,32,43,87,32,35,41,32,35,33,44,37,36,39,42,36,39,32,35,35,35,32,35,46,35,43,37,91,521,32,34,40,32,33,33,42,36,36,40,47,36,39,32,33,35,35,32,33,44,31,32,33,30,33,32,31,33,31,32,34,34,33,34,33,34,34,34,36,114,101,119,87,86,119,87,57,119,49,29,32,23,25,25,25,25,34,16,53,17,46,0,24,11,27,11,27,11,43,27,11,27,18,50,27,
ArrayUtilsTest::testToPrimitive_char_char ,47,48,41,48,49,48,48,68,48,724,68,53,65,73,73,77,69,48,49,47,47,49,49,47,43,49,72,73,69,52,45,73,58,56,61,47,57,56,54,59,58,58,59,58,62,50,50,50,49,55,54,54,50,55,50,66,83,50,50,48,50,50,49,51,54,54,53,53,53,53,50,50,55,53,50,50,51,58,66,59,87,502,51,51,50,51,50,50,51,55,54,54,57,54,53,51,50,56,54,51,50,51,47,53,55,50,56,54,53,56,53,50,50,50,49,51,50,51,51,51,55,103,93,111,83,83,111,83,60,111,48,44,45,32,43,42,43,43,47,40,47,40,35,24,0,35,23,35,23,35,66,23,35,23,41,38,46,
ArrayUtilsTest::testToPrimitive_double ,35,51,50,40,45,51,44,38,51,749,38,27,35,77,77,93,67,38,37,51,32,38,37,36,16,37,77,77,71,27,41,77,28,29,31,26,28,28,30,26,29,30,30,29,33,25,27,30,36,25,25,29,30,29,30,36,90,27,29,39,28,35,37,50,29,29,32,37,31,37,28,35,29,32,28,35,44,28,36,30,94,524,26,29,38,28,34,37,47,29,29,32,42,31,36,28,34,29,32,28,34,42,30,27,27,30,22,26,25,27,25,27,29,30,32,27,28,30,29,31,31,120,102,121,82,86,121,86,55,121,50,23,30,23,19,20,20,20,30,11,53,18,48,11,35,0,18,4,22,4,36,22,4,22,18,50,22,
ArrayUtilsTest::testToPrimitive_double_double ,39,46,46,35,43,46,42,55,46,734,55,41,52,74,73,89,59,39,39,50,31,39,39,37,31,39,72,73,68,40,44,73,45,46,48,35,44,44,46,43,45,46,46,44,49,38,38,40,45,37,37,41,40,42,40,53,86,38,39,43,41,42,46,51,40,40,43,45,42,44,41,42,42,44,41,42,45,45,53,46,89,511,38,40,42,41,43,46,52,40,40,43,44,42,43,41,43,43,44,41,43,44,37,41,41,46,39,42,40,43,40,40,41,41,43,38,40,42,42,43,47,114,94,114,71,79,114,79,57,114,46,31,38,32,25,29,30,30,38,29,45,36,37,27,23,18,0,22,10,22,53,10,22,10,34,38,35,
ArrayUtilsTest::testToPrimitive_float ,35,51,50,44,41,51,44,38,51,747,38,27,35,77,77,93,71,38,37,51,36,34,37,36,16,37,73,77,71,27,41,77,28,29,31,25,28,28,30,29,26,30,30,29,33,25,27,30,36,29,29,26,30,29,30,36,90,27,29,39,28,35,37,50,32,29,36,41,29,33,28,35,29,32,28,35,44,28,36,30,94,524,26,29,38,28,34,37,47,30,29,36,44,29,32,28,34,29,32,28,34,42,29,27,27,30,26,22,25,27,25,27,29,30,32,29,26,30,29,31,31,120,102,121,86,82,121,86,56,121,50,22,29,23,20,19,20,20,29,11,53,18,48,11,35,4,22,0,18,4,36,22,4,22,18,50,22,
ArrayUtilsTest::testToPrimitive_float_float ,39,46,46,42,36,46,42,55,46,733,55,41,52,74,73,89,68,39,39,50,37,33,39,37,31,39,63,73,68,40,44,73,45,46,48,35,44,44,46,46,43,46,46,45,49,38,38,40,46,42,43,38,40,42,40,53,88,38,39,43,41,43,46,51,43,42,44,46,39,43,41,43,42,44,41,43,45,45,53,46,91,512,38,40,42,41,43,47,52,43,42,44,49,40,43,41,43,43,44,41,43,44,38,41,42,46,43,39,40,43,40,40,41,41,43,42,37,42,42,43,47,114,94,114,79,71,114,79,58,114,46,31,38,32,30,25,30,30,37,29,45,36,37,27,23,22,10,18,0,22,53,10,22,10,34,38,35,
ArrayUtilsTest::testToPrimitive_int ,35,51,50,44,45,47,44,38,51,747,38,27,35,77,77,93,71,38,37,51,36,38,33,36,16,37,77,73,71,27,41,77,28,29,31,26,28,28,30,29,29,27,30,29,33,25,27,30,36,29,29,29,27,29,30,36,88,27,29,39,28,35,37,50,32,29,36,41,31,37,25,31,29,32,28,35,44,28,36,30,92,525,26,29,38,28,34,37,47,30,29,36,44,31,36,25,30,29,32,28,34,42,30,27,27,30,26,26,22,27,25,27,29,30,32,29,28,29,29,31,31,120,102,121,86,86,117,86,56,121,50,23,30,23,20,20,19,20,30,11,53,18,48,11,35,4,22,4,22,0,36,18,4,22,18,50,22,
ArrayUtilsTest::testToPrimitive_intNull ,51,71,71,63,66,71,63,2,71,777,2,20,1,101,101,117,95,56,56,70,52,56,56,52,32,56,101,101,95,23,67,101,13,17,7,32,13,14,15,11,11,14,13,13,8,31,36,36,46,30,28,32,36,30,36,3,108,33,39,53,36,49,46,61,37,35,46,53,37,50,36,49,30,42,36,49,52,13,3,9,110,556,31,39,53,36,48,46,60,35,35,47,58,37,49,36,48,30,42,36,48,50,42,24,24,30,21,21,24,20,24,28,37,38,40,34,34,38,36,39,26,143,125,143,107,107,143,107,79,143,76,28,37,34,28,28,28,28,40,35,83,46,75,43,66,36,53,36,53,36,0,53,36,53,50,81,28,
ArrayUtilsTest::testToPrimitive_int_int ,38,45,45,41,42,38,41,55,45,732,55,39,52,72,71,89,68,38,38,50,36,38,33,36,30,38,72,64,68,40,44,71,45,46,48,33,43,44,45,46,45,43,45,45,49,38,36,39,46,42,43,41,36,42,39,53,84,38,37,41,41,43,46,51,43,42,44,46,42,45,39,40,42,44,41,43,45,45,53,46,88,511,38,38,40,41,43,47,51,43,42,44,49,43,44,39,40,43,44,41,43,44,37,40,42,46,43,42,38,43,40,38,39,41,42,41,39,39,41,42,47,114,93,114,79,79,106,79,58,114,45,31,38,32,30,29,25,30,38,29,44,36,36,27,23,22,10,22,10,18,53,0,22,10,34,38,33,
ArrayUtilsTest::testToPrimitive_long ,35,51,50,44,45,51,40,38,51,747,38,27,35,77,77,93,71,38,37,51,36,38,37,32,16,37,77,77,67,27,41,77,28,29,31,26,28,28,30,29,29,30,27,29,33,25,27,30,36,29,29,29,30,25,30,36,90,27,29,39,28,35,37,50,32,29,36,41,30,37,28,35,25,28,28,35,44,28,36,30,93,525,26,29,38,28,34,37,47,30,29,36,44,30,36,28,34,25,28,28,34,42,30,27,27,30,26,26,25,23,25,27,29,30,32,29,28,30,28,31,31,120,102,121,86,86,121,82,56,121,50,23,30,23,20,20,20,19,30,11,53,18,48,11,35,4,22,4,22,4,36,22,0,18,18,50,22,
ArrayUtilsTest::testToPrimitive_long_long ,39,46,46,42,43,46,35,55,46,732,55,41,52,74,73,89,68,39,39,50,37,39,39,31,31,39,72,73,59,40,44,73,45,46,48,35,44,44,46,46,45,46,42,45,49,38,38,40,46,42,43,41,40,37,40,53,87,38,39,43,41,43,46,51,43,42,44,46,41,44,41,43,37,40,41,43,45,45,53,46,90,513,38,40,42,41,43,47,52,43,42,44,49,42,42,41,43,38,40,41,43,44,38,41,42,46,43,42,40,39,40,40,41,41,43,42,40,41,39,43,47,114,94,114,79,79,114,71,58,114,46,31,38,32,30,29,30,25,38,29,45,36,37,27,23,22,10,22,10,22,53,10,18,0,34,38,35,
ArrayUtilsTest::testToPrimitive_short ,40,54,53,50,51,54,50,52,52,743,52,40,49,78,78,94,73,42,42,54,42,43,42,42,29,40,78,78,73,41,45,75,42,42,45,37,42,42,43,43,43,43,43,40,47,37,38,39,43,40,41,40,39,40,36,50,91,38,41,46,39,40,42,50,44,43,45,48,43,45,39,40,41,41,36,37,49,42,50,44,94,524,39,42,46,39,40,42,49,43,43,46,50,43,45,39,40,41,41,36,37,48,39,39,39,40,40,40,37,40,34,40,41,41,41,41,40,41,41,39,45,121,104,122,89,88,122,89,61,118,52,36,36,33,33,33,33,33,28,22,56,20,48,18,41,18,34,18,34,18,50,34,18,34,0,32,33,
ArrayUtilsTest::testToPrimitive_short_short ,61,61,61,61,61,61,61,83,55,730,83,68,80,81,79,92,77,61,61,64,62,61,61,62,58,56,80,79,77,68,60,75,73,73,76,63,72,72,73,74,73,74,74,70,77,66,65,66,70,69,69,69,66,68,62,81,91,65,66,65,68,68,69,71,69,69,68,68,68,68,68,68,68,69,62,64,66,73,81,74,94,512,66,67,65,68,68,70,70,69,69,70,69,68,69,68,68,69,69,62,64,67,61,69,70,70,71,70,68,71,65,68,68,68,68,69,68,69,69,65,74,117,101,117,90,89,117,90,70,109,59,59,58,56,58,57,58,58,41,54,58,52,39,50,38,50,38,50,38,50,81,38,50,38,32,0,63,
ArrayUtilsTest::testToString ,35,54,52,49,52,54,49,30,54,749,30,16,27,82,82,98,77,38,39,53,35,39,39,35,13,39,82,82,77,22,43,82,20,22,23,21,22,23,24,23,23,23,23,22,25,24,24,29,39,25,23,26,29,25,29,28,87,27,26,38,28,39,39,54,30,28,38,42,30,42,28,39,27,35,28,39,42,20,28,20,89,532,26,27,38,28,38,40,52,28,29,38,47,30,40,28,38,27,34,28,38,40,28,21,25,28,24,24,25,23,25,13,23,24,26,21,21,24,22,25,23,127,106,127,91,91,127,91,61,127,53,17,28,24,21,21,21,21,30,19,58,31,56,27,46,22,35,22,35,22,28,33,22,35,33,63,0,
